number_of_turn,last_move_played_by,current_player_turn,wQ_moves,wS1_moves,wB1_moves,wG1_moves,wA1_moves,wS2_moves,wB2_moves,wG2_moves,wA2_moves,wG3_moves,wA3_moves,bQ_moves,bS1_moves,bB1_moves,bG1_moves,bA1_moves,bS2_moves,bB2_moves,bG2_moves,bA2_moves,bG3_moves,bA3_moves,wQ_RIGHT_neighbor,wQ_UP_RIGHT_neighbor,wQ_UP_LEFT_neighbor,wQ_LEFT_neighbor,wQ_DOWN_LEFT_neighbor,wQ_DOWN_RIGHT_neighbor,wQ_BELOW_neighbor,wQ_ABOVE_neighbor,wS1_RIGHT_neighbor,wS1_UP_RIGHT_neighbor,wS1_UP_LEFT_neighbor,wS1_LEFT_neighbor,wS1_DOWN_LEFT_neighbor,wS1_DOWN_RIGHT_neighbor,wS1_BELOW_neighbor,wS1_ABOVE_neighbor,wB1_RIGHT_neighbor,wB1_UP_RIGHT_neighbor,wB1_UP_LEFT_neighbor,wB1_LEFT_neighbor,wB1_DOWN_LEFT_neighbor,wB1_DOWN_RIGHT_neighbor,wB1_BELOW_neighbor,wB1_ABOVE_neighbor,wG1_RIGHT_neighbor,wG1_UP_RIGHT_neighbor,wG1_UP_LEFT_neighbor,wG1_LEFT_neighbor,wG1_DOWN_LEFT_neighbor,wG1_DOWN_RIGHT_neighbor,wG1_BELOW_neighbor,wG1_ABOVE_neighbor,wA1_RIGHT_neighbor,wA1_UP_RIGHT_neighbor,wA1_UP_LEFT_neighbor,wA1_LEFT_neighbor,wA1_DOWN_LEFT_neighbor,wA1_DOWN_RIGHT_neighbor,wA1_BELOW_neighbor,wA1_ABOVE_neighbor,wS2_RIGHT_neighbor,wS2_UP_RIGHT_neighbor,wS2_UP_LEFT_neighbor,wS2_LEFT_neighbor,wS2_DOWN_LEFT_neighbor,wS2_DOWN_RIGHT_neighbor,wS2_BELOW_neighbor,wS2_ABOVE_neighbor,wB2_RIGHT_neighbor,wB2_UP_RIGHT_neighbor,wB2_UP_LEFT_neighbor,wB2_LEFT_neighbor,wB2_DOWN_LEFT_neighbor,wB2_DOWN_RIGHT_neighbor,wB2_BELOW_neighbor,wB2_ABOVE_neighbor,wG2_RIGHT_neighbor,wG2_UP_RIGHT_neighbor,wG2_UP_LEFT_neighbor,wG2_LEFT_neighbor,wG2_DOWN_LEFT_neighbor,wG2_DOWN_RIGHT_neighbor,wG2_BELOW_neighbor,wG2_ABOVE_neighbor,wA2_RIGHT_neighbor,wA2_UP_RIGHT_neighbor,wA2_UP_LEFT_neighbor,wA2_LEFT_neighbor,wA2_DOWN_LEFT_neighbor,wA2_DOWN_RIGHT_neighbor,wA2_BELOW_neighbor,wA2_ABOVE_neighbor,wG3_RIGHT_neighbor,wG3_UP_RIGHT_neighbor,wG3_UP_LEFT_neighbor,wG3_LEFT_neighbor,wG3_DOWN_LEFT_neighbor,wG3_DOWN_RIGHT_neighbor,wG3_BELOW_neighbor,wG3_ABOVE_neighbor,wA3_RIGHT_neighbor,wA3_UP_RIGHT_neighbor,wA3_UP_LEFT_neighbor,wA3_LEFT_neighbor,wA3_DOWN_LEFT_neighbor,wA3_DOWN_RIGHT_neighbor,wA3_BELOW_neighbor,wA3_ABOVE_neighbor,bQ_RIGHT_neighbor,bQ_UP_RIGHT_neighbor,bQ_UP_LEFT_neighbor,bQ_LEFT_neighbor,bQ_DOWN_LEFT_neighbor,bQ_DOWN_RIGHT_neighbor,bQ_BELOW_neighbor,bQ_ABOVE_neighbor,bS1_RIGHT_neighbor,bS1_UP_RIGHT_neighbor,bS1_UP_LEFT_neighbor,bS1_LEFT_neighbor,bS1_DOWN_LEFT_neighbor,bS1_DOWN_RIGHT_neighbor,bS1_BELOW_neighbor,bS1_ABOVE_neighbor,bB1_RIGHT_neighbor,bB1_UP_RIGHT_neighbor,bB1_UP_LEFT_neighbor,bB1_LEFT_neighbor,bB1_DOWN_LEFT_neighbor,bB1_DOWN_RIGHT_neighbor,bB1_BELOW_neighbor,bB1_ABOVE_neighbor,bG1_RIGHT_neighbor,bG1_UP_RIGHT_neighbor,bG1_UP_LEFT_neighbor,bG1_LEFT_neighbor,bG1_DOWN_LEFT_neighbor,bG1_DOWN_RIGHT_neighbor,bG1_BELOW_neighbor,bG1_ABOVE_neighbor,bA1_RIGHT_neighbor,bA1_UP_RIGHT_neighbor,bA1_UP_LEFT_neighbor,bA1_LEFT_neighbor,bA1_DOWN_LEFT_neighbor,bA1_DOWN_RIGHT_neighbor,bA1_BELOW_neighbor,bA1_ABOVE_neighbor,bS2_RIGHT_neighbor,bS2_UP_RIGHT_neighbor,bS2_UP_LEFT_neighbor,bS2_LEFT_neighbor,bS2_DOWN_LEFT_neighbor,bS2_DOWN_RIGHT_neighbor,bS2_BELOW_neighbor,bS2_ABOVE_neighbor,bB2_RIGHT_neighbor,bB2_UP_RIGHT_neighbor,bB2_UP_LEFT_neighbor,bB2_LEFT_neighbor,bB2_DOWN_LEFT_neighbor,bB2_DOWN_RIGHT_neighbor,bB2_BELOW_neighbor,bB2_ABOVE_neighbor,bG2_RIGHT_neighbor,bG2_UP_RIGHT_neighbor,bG2_UP_LEFT_neighbor,bG2_LEFT_neighbor,bG2_DOWN_LEFT_neighbor,bG2_DOWN_RIGHT_neighbor,bG2_BELOW_neighbor,bG2_ABOVE_neighbor,bA2_RIGHT_neighbor,bA2_UP_RIGHT_neighbor,bA2_UP_LEFT_neighbor,bA2_LEFT_neighbor,bA2_DOWN_LEFT_neighbor,bA2_DOWN_RIGHT_neighbor,bA2_BELOW_neighbor,bA2_ABOVE_neighbor,bG3_RIGHT_neighbor,bG3_UP_RIGHT_neighbor,bG3_UP_LEFT_neighbor,bG3_LEFT_neighbor,bG3_DOWN_LEFT_neighbor,bG3_DOWN_RIGHT_neighbor,bG3_BELOW_neighbor,bG3_ABOVE_neighbor,bA3_RIGHT_neighbor,bA3_UP_RIGHT_neighbor,bA3_UP_LEFT_neighbor,bA3_LEFT_neighbor,bA3_DOWN_LEFT_neighbor,bA3_DOWN_RIGHT_neighbor,bA3_BELOW_neighbor,bA3_ABOVE_neighbor,result
1,White,Black,0,0,0,0,0,0,0,0,0,0,0,0,0,0,0,0,0,0,0,0,0,0,None,None,None,None,None,None,None,None,None,None,None,None,None,None,None,None,None,None,None,None,None,None,None,None,None,None,None,None,None,None,wG1,wG1,None,None,None,None,None,None,None,None,None,None,None,None,None,None,None,None,None,None,None,None,None,None,None,None,None,None,None,None,None,None,None,None,None,None,None,None,None,None,None,None,None,None,None,None,None,None,None,None,None,None,None,None,None,None,None,None,None,None,None,None,None,None,None,None,None,None,None,None,None,None,None,None,None,None,None,None,None,None,None,None,None,None,None,None,None,None,None,None,None,None,None,None,None,None,None,None,None,None,None,None,None,None,None,None,None,None,None,None,None,None,None,None,None,None,None,None,None,None,None,None,None,None,None,None,None,None,None,None,None,None,None,None,None,None,None,None,None,None,None,None,None,None,None,None,White
2,Black,White,0,0,0,1,0,0,0,0,0,0,0,0,0,0,1,0,0,0,0,0,0,0,None,None,None,None,None,None,None,None,None,None,None,None,None,None,None,None,None,None,None,None,None,None,None,None,None,None,None,None,None,None,wG1,wG1,None,None,None,None,None,None,None,None,None,None,None,None,None,None,None,None,None,None,None,None,None,None,None,None,None,None,None,None,None,None,None,None,None,None,None,None,None,None,None,None,None,None,None,None,None,None,None,None,None,None,None,None,None,None,None,None,None,None,None,None,None,None,None,None,None,None,None,None,None,None,None,None,None,None,None,None,None,None,None,None,None,None,wG1,None,None,wG1,bG1,bG1,None,None,None,None,None,None,None,None,None,None,None,None,None,None,None,None,None,None,None,None,None,None,None,None,None,None,None,None,None,None,None,None,None,None,None,None,None,None,None,None,None,None,None,None,None,None,None,None,None,None,None,None,None,None,None,None,White
3,White,Black,2,0,0,2,0,0,0,0,0,0,0,0,0,0,1,0,0,0,0,0,0,0,wG1,None,None,wG1,None,None,wQ,wQ,None,None,None,None,None,None,None,None,None,None,None,None,None,None,None,None,None,None,None,None,None,None,wG1,wG1,None,None,None,None,None,None,None,None,None,None,None,None,None,None,None,None,None,None,None,None,None,None,None,None,None,None,None,None,None,None,None,None,None,None,None,None,None,None,None,None,None,None,None,None,None,None,None,None,None,None,None,None,None,None,None,None,None,None,None,None,None,None,None,None,None,None,None,None,None,None,None,None,None,None,None,None,None,None,None,None,None,None,wG1,None,None,wG1,bG1,bG1,None,None,None,None,None,None,None,None,None,None,None,None,None,None,None,None,None,None,None,None,None,None,None,None,None,None,None,None,None,None,None,None,None,None,None,None,None,None,None,None,None,None,None,None,None,None,None,None,None,None,None,None,None,None,None,None,White
4,Black,White,2,0,0,2,0,0,0,0,0,0,0,0,0,0,2,9,0,0,0,0,0,0,wG1,None,None,wG1,None,None,wQ,wQ,None,None,None,None,None,None,None,None,None,None,None,None,None,None,None,None,None,None,None,None,None,None,wG1,wG1,None,None,None,None,None,None,None,None,None,None,None,None,None,None,None,None,None,None,None,None,None,None,None,None,None,None,None,None,None,None,None,None,None,None,None,None,None,None,None,None,None,None,None,None,None,None,None,None,None,None,None,None,None,None,None,None,None,None,None,None,None,None,None,None,None,None,None,None,None,None,None,None,None,None,None,None,None,None,None,None,bA1,None,wG1,bA1,None,wG1,bG1,bG1,None,None,None,None,None,None,bA1,bA1,None,None,None,None,None,None,None,None,None,None,None,None,None,None,None,None,None,None,None,None,None,None,None,None,None,None,None,None,None,None,None,None,None,None,None,None,None,None,None,None,None,None,None,None,None,None,None,None,White
5,White,Black,2,0,0,2,0,0,0,0,0,0,0,0,0,0,3,8,0,0,0,0,0,0,bG1,wG1,None,bG1,wG1,None,wQ,wQ,None,None,None,None,None,None,None,None,None,None,None,None,None,None,None,None,None,None,None,None,None,None,wG1,wG1,None,None,None,None,None,None,None,None,None,None,None,None,None,None,None,None,None,None,None,None,None,None,None,None,None,None,None,None,None,None,None,None,None,None,None,None,None,None,None,None,None,None,None,None,None,None,None,None,None,None,None,None,None,None,None,None,None,None,None,None,None,None,None,None,None,None,None,None,None,None,None,None,None,None,None,None,None,None,None,None,bA1,None,wG1,bA1,None,wG1,bG1,bG1,None,None,None,None,None,None,bA1,bA1,None,None,None,None,None,None,None,None,None,None,None,None,None,None,None,None,None,None,None,None,None,None,None,None,None,None,None,None,None,None,None,None,None,None,None,None,None,None,None,None,None,None,None,None,None,None,None,None,White
6,Black,White,2,0,0,2,0,0,0,0,0,0,0,0,0,3,3,12,0,0,0,0,0,0,bG1,wG1,None,bG1,wG1,None,wQ,wQ,None,None,None,None,None,None,None,None,None,None,None,None,None,None,None,None,None,None,None,None,None,None,wG1,wG1,None,None,None,None,None,None,None,None,None,None,None,None,None,None,None,None,None,None,None,None,None,None,None,None,None,None,None,None,None,None,None,None,None,None,None,None,None,None,None,None,None,None,None,None,None,None,None,None,None,None,None,None,None,None,None,None,None,None,None,None,None,None,None,None,None,None,None,None,None,None,None,None,None,None,bA1,None,None,bA1,bB1,bB1,bA1,None,wG1,bA1,None,wG1,bG1,bG1,None,None,None,None,None,None,bA1,bA1,None,None,None,None,None,None,None,None,None,None,None,None,None,None,None,None,None,None,None,None,None,None,None,None,None,None,None,None,None,None,None,None,None,None,None,None,None,None,None,None,None,None,None,None,None,None,None,None,White
7,White,Black,2,2,0,3,0,0,0,0,0,0,0,0,0,3,3,14,0,0,0,0,0,0,bG1,wG1,None,bG1,wG1,None,wQ,wQ,None,None,None,None,None,None,wS1,wS1,None,None,None,None,None,None,None,None,None,None,wS1,None,None,wS1,wG1,wG1,None,None,None,None,None,None,None,None,None,None,None,None,None,None,None,None,None,None,None,None,None,None,None,None,None,None,None,None,None,None,None,None,None,None,None,None,None,None,None,None,None,None,None,None,None,None,None,None,None,None,None,None,None,None,None,None,None,None,None,None,None,None,None,None,None,None,None,None,None,None,None,None,None,None,bA1,None,None,bA1,bB1,bB1,bA1,None,wG1,bA1,None,wG1,bG1,bG1,None,None,None,None,None,None,bA1,bA1,None,None,None,None,None,None,None,None,None,None,None,None,None,None,None,None,None,None,None,None,None,None,None,None,None,None,None,None,None,None,None,None,None,None,None,None,None,None,None,None,None,None,None,None,None,None,None,None,White
8,Black,White,2,2,0,3,0,0,0,0,0,0,0,2,0,3,3,0,0,0,0,0,0,0,bG1,wG1,None,bG1,wG1,None,wQ,wQ,None,None,None,None,None,None,wS1,wS1,None,None,None,None,None,None,None,None,None,None,wS1,None,None,wS1,wG1,wG1,None,None,None,None,None,None,None,None,None,None,None,None,None,None,None,None,None,None,None,None,None,None,None,None,None,None,None,None,None,None,None,None,None,None,None,None,None,None,None,None,None,None,None,None,None,None,None,None,None,None,None,None,None,None,None,None,None,None,None,None,None,None,bQ,bQ,None,None,None,None,None,None,None,None,None,None,bA1,None,None,bA1,bB1,bB1,bA1,None,wG1,bA1,None,wG1,bG1,bG1,None,bQ,None,None,bQ,None,bA1,bA1,None,None,None,None,None,None,None,None,None,None,None,None,None,None,None,None,None,None,None,None,None,None,None,None,None,None,None,None,None,None,None,None,None,None,None,None,None,None,None,None,None,None,None,None,None,None,None,None,White
9,White,Black,2,2,0,3,0,0,0,1,0,0,0,2,0,3,3,0,0,0,0,0,0,0,bG1,wG1,None,bG1,wG1,None,wQ,wQ,None,None,None,None,None,None,wS1,wS1,None,None,None,None,None,None,None,None,None,None,wS1,None,None,wS1,wG1,wG1,None,None,None,None,None,None,None,None,None,None,None,None,None,None,None,None,None,None,None,None,None,None,None,None,wS1,None,None,wS1,None,None,wG2,wG2,None,None,None,None,None,None,None,None,None,None,None,None,None,None,None,None,None,None,None,None,None,None,None,None,None,None,None,None,None,None,bQ,bQ,None,None,None,None,None,None,None,None,None,None,bA1,None,None,bA1,bB1,bB1,bA1,None,wG1,bA1,None,wG1,bG1,bG1,None,bQ,None,None,bQ,None,bA1,bA1,None,None,None,None,None,None,None,None,None,None,None,None,None,None,None,None,None,None,None,None,None,None,None,None,None,None,None,None,None,None,None,None,None,None,None,None,None,None,None,None,None,None,None,None,None,None,None,None,White
10,Black,White,2,2,0,3,0,0,0,1,0,0,0,2,0,4,3,0,0,0,1,0,0,0,bG1,wG1,None,bG1,wG1,None,wQ,wQ,None,None,None,None,None,None,wS1,wS1,None,None,None,None,None,None,None,None,None,None,wS1,None,None,wS1,wG1,wG1,None,None,None,None,None,None,None,None,None,None,None,None,None,None,None,None,None,None,None,None,None,None,None,None,wS1,None,None,wS1,None,None,wG2,wG2,None,None,None,None,None,None,None,None,None,None,None,None,None,None,None,None,None,None,None,None,None,None,None,None,None,None,None,None,None,None,bQ,bQ,None,None,None,None,None,None,None,None,bG2,None,bA1,bG2,None,bA1,bB1,bB1,bA1,None,wG1,bA1,None,wG1,bG1,bG1,None,bQ,None,None,bQ,None,bA1,bA1,None,None,None,None,None,None,None,None,None,None,None,None,None,None,None,None,None,None,None,None,None,None,bG2,bG2,None,None,None,None,None,None,None,None,None,None,None,None,None,None,None,None,None,None,None,None,None,None,None,None,White
11,White,Black,2,0,0,3,0,2,0,1,0,0,0,2,0,4,3,0,0,0,1,0,0,0,bG1,wG1,None,bG1,wG1,None,wQ,wQ,None,wS2,None,None,wS2,None,wS1,wS1,None,None,None,None,None,None,None,None,None,None,wS1,None,None,wS1,wG1,wG1,None,None,None,None,None,None,None,None,None,None,None,None,None,None,wS2,wS2,None,None,None,None,None,None,None,None,wS1,None,None,wS1,None,None,wG2,wG2,None,None,None,None,None,None,None,None,None,None,None,None,None,None,None,None,None,None,None,None,None,None,None,None,None,None,None,None,None,None,bQ,bQ,None,None,None,None,None,None,None,None,bG2,None,bA1,bG2,None,bA1,bB1,bB1,bA1,None,wG1,bA1,None,wG1,bG1,bG1,None,bQ,None,None,bQ,None,bA1,bA1,None,None,None,None,None,None,None,None,None,None,None,None,None,None,None,None,None,None,None,None,None,None,bG2,bG2,None,None,None,None,None,None,None,None,None,None,None,None,None,None,None,None,None,None,None,None,None,None,None,None,White
12,Black,White,2,0,0,3,0,2,0,1,0,0,0,2,0,5,4,0,0,5,1,0,0,0,bG1,wG1,None,bG1,wG1,None,wQ,wQ,None,wS2,None,None,wS2,None,wS1,wS1,None,None,None,None,None,None,None,None,None,None,wS1,None,None,wS1,wG1,wG1,None,None,None,None,None,None,None,None,None,None,None,None,None,None,wS2,wS2,None,None,None,None,None,None,None,None,wS1,None,None,wS1,None,None,wG2,wG2,None,None,None,None,None,None,None,None,None,None,None,None,None,None,None,None,None,None,None,None,None,None,None,None,None,None,None,None,None,None,bQ,bQ,None,None,None,None,None,None,None,None,bG2,None,bA1,bG2,None,bA1,bB1,bB1,bA1,None,wG1,bA1,None,wG1,bG1,bG1,None,bQ,None,None,bQ,None,bA1,bA1,None,None,None,None,None,None,None,None,bB1,bA1,bG1,bB1,bA1,bG1,bB2,bB2,None,None,None,None,None,None,bG2,bG2,None,None,None,None,None,None,None,None,None,None,None,None,None,None,None,None,None,None,None,None,None,None,None,None,White
13,White,Black,2,0,0,4,0,2,0,2,0,4,0,2,0,5,4,0,0,5,1,0,0,0,bG1,wG1,wG3,bG1,wG1,wG3,wQ,wQ,None,wS2,None,None,wS2,None,wS1,wS1,None,None,None,None,None,None,None,None,None,None,wS1,None,None,wS1,wG1,wG1,None,None,None,None,None,None,None,None,None,None,None,None,None,None,wS2,wS2,None,None,None,None,None,None,None,None,wS1,None,None,wS1,None,None,wG2,wG2,None,None,None,None,None,None,None,None,wG1,wS1,wG2,wG1,wS1,wG2,wG3,wG3,None,None,None,None,None,None,None,None,None,None,None,None,None,None,bQ,bQ,None,None,None,None,None,None,None,None,bG2,None,bA1,bG2,None,bA1,bB1,bB1,bA1,None,wG1,bA1,None,wG1,bG1,bG1,None,bQ,None,None,bQ,None,bA1,bA1,None,None,None,None,None,None,None,None,bB1,bA1,bG1,bB1,bA1,bG1,bB2,bB2,None,None,None,None,None,None,bG2,bG2,None,None,None,None,None,None,None,None,None,None,None,None,None,None,None,None,None,None,None,None,None,None,None,None,White
14,Black,White,2,0,0,4,0,2,0,2,0,4,0,2,0,6,3,0,0,6,1,0,0,0,bG1,wG1,wG3,bG1,wG1,wG3,wQ,wQ,None,wS2,None,None,wS2,None,wS1,wS1,None,None,None,None,None,None,None,None,None,None,wS1,None,None,wS1,wG1,wG1,None,None,None,None,None,None,None,None,None,None,None,None,None,None,wS2,wS2,None,None,None,None,None,None,None,None,wS1,None,None,wS1,None,None,wG2,wG2,None,None,None,None,None,None,None,None,wG1,wS1,wG2,wG1,wS1,wG2,wG3,wG3,None,None,None,None,None,None,None,None,None,None,None,None,None,None,bQ,bQ,None,None,None,None,None,None,None,None,bG2,None,bA1,bG2,None,bA1,bB2,bB2,bA1,None,wG1,bA1,None,wG1,bG1,bG1,None,bQ,None,None,bQ,None,bA1,bA1,None,None,None,None,None,None,None,None,bG2,None,bA1,bG2,None,bA1,bB2,bB2,None,None,None,None,None,None,bG2,bG2,None,None,None,None,None,None,None,None,None,None,None,None,None,None,None,None,None,None,None,None,None,None,None,None,White
15,White,Black,2,0,0,4,21,2,0,2,0,5,0,2,0,6,3,0,0,6,1,0,0,0,bG1,wG1,wG3,bG1,wG1,wG3,wQ,wQ,None,wS2,None,None,wS2,None,wS1,wS1,None,None,None,None,None,None,None,None,None,None,wS1,None,None,wS1,wG1,wG1,wQ,wG3,None,wQ,wG3,None,wA1,wA1,None,None,None,None,None,None,wS2,wS2,None,None,None,None,None,None,None,None,wS1,None,None,wS1,None,None,wG2,wG2,None,None,None,None,None,None,None,None,wG1,wS1,wG2,wG1,wS1,wG2,wG3,wG3,None,None,None,None,None,None,None,None,None,None,None,None,None,None,bQ,bQ,None,None,None,None,None,None,None,None,bG2,None,bA1,bG2,None,bA1,bB2,bB2,bA1,None,wG1,bA1,None,wG1,bG1,bG1,None,bQ,None,None,bQ,None,bA1,bA1,None,None,None,None,None,None,None,None,bG2,None,bA1,bG2,None,bA1,bB2,bB2,None,None,None,None,None,None,bG2,bG2,None,None,None,None,None,None,None,None,None,None,None,None,None,None,None,None,None,None,None,None,None,None,None,None,White
16,Black,White,2,0,0,4,21,2,0,2,0,5,0,2,2,6,4,0,0,6,1,0,0,0,bG1,wG1,wG3,bG1,wG1,wG3,wQ,wQ,None,wS2,None,None,wS2,None,wS1,wS1,None,None,None,None,None,None,None,None,None,None,wS1,None,None,wS1,wG1,wG1,wQ,wG3,None,wQ,wG3,None,wA1,wA1,None,None,None,None,None,None,wS2,wS2,None,None,None,None,None,None,None,None,wS1,None,None,wS1,None,None,wG2,wG2,None,None,None,None,None,None,None,None,wG1,wS1,wG2,wG1,wS1,wG2,wG3,wG3,None,None,None,None,None,None,None,None,None,None,None,None,None,None,bQ,bQ,bB2,bA1,bG1,bB2,bA1,bG1,bS1,bS1,bG2,None,bA1,bG2,None,bA1,bB2,bB2,bA1,None,wG1,bA1,None,wG1,bG1,bG1,None,bQ,None,None,bQ,None,bA1,bA1,None,None,None,None,None,None,None,None,bG2,None,bA1,bG2,None,bA1,bB2,bB2,None,None,None,None,None,None,bG2,bG2,None,None,None,None,None,None,None,None,None,None,None,None,None,None,None,None,None,None,None,None,None,None,None,None,White
17,White,Black,2,0,3,4,23,2,0,2,0,5,0,2,2,6,4,0,0,6,1,0,0,0,bG1,wG1,wG3,bG1,wG1,wG3,wQ,wQ,None,wS2,None,None,wS2,None,wS1,wS1,None,None,None,None,None,None,wB1,wB1,None,None,wS1,None,None,wS1,wG1,wG1,wQ,wG3,None,wQ,wG3,None,wA1,wA1,None,None,wB1,None,None,wB1,wS2,wS2,None,None,None,None,None,None,None,None,wS1,None,None,wS1,None,None,wG2,wG2,None,None,None,None,None,None,None,None,wG1,wS1,wG2,wG1,wS1,wG2,wG3,wG3,None,None,None,None,None,None,None,None,None,None,None,None,None,None,bQ,bQ,bB2,bA1,bG1,bB2,bA1,bG1,bS1,bS1,bG2,None,bA1,bG2,None,bA1,bB2,bB2,bA1,None,wG1,bA1,None,wG1,bG1,bG1,None,bQ,None,None,bQ,None,bA1,bA1,None,None,None,None,None,None,None,None,bG2,None,bA1,bG2,None,bA1,bB2,bB2,None,None,None,None,None,None,bG2,bG2,None,None,None,None,None,None,None,None,None,None,None,None,None,None,None,None,None,None,None,None,None,None,None,None,White
18,Black,White,2,0,3,4,25,2,0,2,0,5,0,2,2,6,4,0,0,6,2,0,1,0,bG1,wG1,wG3,bG1,wG1,wG3,wQ,wQ,None,wS2,None,None,wS2,None,wS1,wS1,None,None,None,None,None,None,wB1,wB1,None,None,wS1,None,None,wS1,wG1,wG1,wQ,wG3,None,wQ,wG3,None,wA1,wA1,None,None,wB1,None,None,wB1,wS2,wS2,None,None,None,None,None,None,None,None,wS1,None,None,wS1,None,None,wG2,wG2,None,None,None,None,None,None,None,None,wG1,wS1,wG2,wG1,wS1,wG2,wG3,wG3,None,None,None,None,None,None,None,None,None,None,None,None,None,None,bQ,bQ,bB2,bA1,bG1,bB2,bA1,bG1,bS1,bS1,bG2,None,bA1,bG2,None,bA1,bB2,bB2,bA1,None,wG1,bA1,None,wG1,bG1,bG1,None,bQ,None,None,bQ,None,bA1,bA1,None,None,None,None,None,None,None,None,bG2,None,bA1,bG2,None,bA1,bB2,bB2,None,None,None,None,None,None,bG2,bG2,None,None,None,None,None,None,None,None,None,None,bG2,None,None,bG2,bG3,bG3,None,None,None,None,None,None,None,None,White
19,White,Black,2,0,6,4,27,2,3,2,0,5,0,2,2,6,4,0,0,6,2,0,1,0,bG1,wG1,wG3,bG1,wG1,wG3,wQ,wQ,None,wS2,None,None,wS2,None,wS1,wS1,None,None,wB2,None,None,wB2,wB1,wB1,None,None,wS1,None,None,wS1,wG1,wG1,wQ,wG3,None,wQ,wG3,None,wA1,wA1,None,None,wB1,None,None,wB1,wS2,wS2,None,None,None,None,None,None,wB2,wB2,wS1,None,None,wS1,None,None,wG2,wG2,None,None,None,None,None,None,None,None,wG1,wS1,wG2,wG1,wS1,wG2,wG3,wG3,None,None,None,None,None,None,None,None,None,None,None,None,None,None,bQ,bQ,bB2,bA1,bG1,bB2,bA1,bG1,bS1,bS1,bG2,None,bA1,bG2,None,bA1,bB2,bB2,bA1,None,wG1,bA1,None,wG1,bG1,bG1,None,bQ,None,None,bQ,None,bA1,bA1,None,None,None,None,None,None,None,None,bG2,None,bA1,bG2,None,bA1,bB2,bB2,None,None,None,None,None,None,bG2,bG2,None,None,None,None,None,None,None,None,None,None,bG2,None,None,bG2,bG3,bG3,None,None,None,None,None,None,None,None,White
20,Black,White,2,0,6,4,29,2,3,2,0,5,0,2,2,6,4,0,0,6,2,28,2,0,bG1,wG1,wG3,bG1,wG1,wG3,wQ,wQ,None,wS2,None,None,wS2,None,wS1,wS1,None,None,wB2,None,None,wB2,wB1,wB1,None,None,wS1,None,None,wS1,wG1,wG1,wQ,wG3,None,wQ,wG3,None,wA1,wA1,None,None,wB1,None,None,wB1,wS2,wS2,None,None,None,None,None,None,wB2,wB2,wS1,None,None,wS1,None,None,wG2,wG2,None,None,None,None,None,None,None,None,wG1,wS1,wG2,wG1,wS1,wG2,wG3,wG3,None,None,None,None,None,None,None,None,None,None,None,None,None,None,bQ,bQ,bB2,bA1,bG1,bB2,bA1,bG1,bS1,bS1,bG2,None,bA1,bG2,None,bA1,bB2,bB2,bA1,None,wG1,bA1,None,wG1,bG1,bG1,None,bQ,None,None,bQ,None,bA1,bA1,None,None,None,None,None,None,None,None,bG2,None,bA1,bG2,None,bA1,bB2,bB2,None,None,None,None,None,None,bG2,bG2,None,None,None,None,None,None,bA2,bA2,bA2,None,bG2,bA2,None,bG2,bG3,bG3,None,None,None,None,None,None,None,None,White
21,White,Black,2,0,6,5,27,2,3,2,30,5,0,2,2,6,4,0,0,6,2,26,2,0,bG1,wG1,wG3,bG1,wG1,wG3,wQ,wQ,wA2,wS2,None,wA2,wS2,None,wS1,wS1,None,None,wB2,None,None,wB2,wB1,wB1,None,wA2,wS1,None,wA2,wS1,wG1,wG1,wQ,wG3,None,wQ,wG3,None,wA1,wA1,None,None,wB1,None,None,wB1,wS2,wS2,None,None,None,None,None,None,wB2,wB2,wS1,None,None,wS1,None,None,wG2,wG2,None,None,wS2,None,None,wS2,wA2,wA2,wG1,wS1,wG2,wG1,wS1,wG2,wG3,wG3,None,None,None,None,None,None,None,None,None,None,None,None,None,None,bQ,bQ,bB2,bA1,bG1,bB2,bA1,bG1,bS1,bS1,bG2,None,bA1,bG2,None,bA1,bB2,bB2,bA1,None,wG1,bA1,None,wG1,bG1,bG1,None,bQ,None,None,bQ,None,bA1,bA1,None,None,None,None,None,None,None,None,bG2,None,bA1,bG2,None,bA1,bB2,bB2,None,None,None,None,None,None,bG2,bG2,None,None,None,None,None,None,bA2,bA2,bA2,None,bG2,bA2,None,bG2,bG3,bG3,None,None,None,None,None,None,None,None,White
22,Black,White,2,0,6,5,27,2,3,2,30,5,0,2,2,6,4,0,1,6,3,26,2,0,bG1,wG1,wG3,bG1,wG1,wG3,wQ,wQ,wA2,wS2,None,wA2,wS2,None,wS1,wS1,None,None,wB2,None,None,wB2,wB1,wB1,None,wA2,wS1,None,wA2,wS1,wG1,wG1,wQ,wG3,None,wQ,wG3,None,wA1,wA1,None,None,wB1,None,None,wB1,wS2,wS2,None,None,None,None,None,None,wB2,wB2,wS1,None,None,wS1,None,None,wG2,wG2,None,None,wS2,None,None,wS2,wA2,wA2,wG1,wS1,wG2,wG1,wS1,wG2,wG3,wG3,None,None,None,None,None,None,None,None,None,None,None,None,None,None,bQ,bQ,bB2,bA1,bG1,bB2,bA1,bG1,bS1,bS1,bG2,None,bA1,bG2,None,bA1,bB2,bB2,bA1,None,wG1,bA1,None,wG1,bG1,bG1,None,bQ,None,None,bQ,None,bA1,bA1,None,None,None,None,None,None,bS2,bS2,bG2,None,bA1,bG2,None,bA1,bB2,bB2,None,bS2,None,None,bS2,None,bG2,bG2,None,None,None,None,None,None,bA2,bA2,bA2,None,bG2,bA2,None,bG2,bG3,bG3,None,None,None,None,None,None,None,None,White
23,White,Black,0,2,6,5,26,2,3,3,29,4,0,2,2,6,5,0,1,6,3,25,2,0,bG1,wG1,wG3,bG1,wG1,wG3,wQ,wQ,wA2,wS2,None,wA2,wS2,None,wS1,wS1,None,None,wB2,None,None,wB2,wB1,wB1,None,wA2,wS1,None,wA2,wS1,wG1,wG1,wQ,wG3,None,wQ,wG3,None,wA1,wA1,None,None,wB1,None,None,wB1,wS2,wS2,None,None,None,None,None,None,wB2,wB2,bS1,bG1,wQ,bS1,bG1,wQ,wG2,wG2,None,None,wS2,None,None,wS2,wA2,wA2,wG1,wS1,None,wG1,wS1,None,wG3,wG3,None,None,None,None,None,None,None,None,None,None,None,None,None,None,bQ,bQ,bB2,bA1,bG1,bB2,bA1,bG1,bS1,bS1,bG2,None,bA1,bG2,None,bA1,bB2,bB2,bA1,None,wG1,bA1,None,wG1,bG1,bG1,None,bQ,None,None,bQ,None,bA1,bA1,None,None,None,None,None,None,bS2,bS2,bG2,None,bA1,bG2,None,bA1,bB2,bB2,None,bS2,None,None,bS2,None,bG2,bG2,None,None,None,None,None,None,bA2,bA2,bA2,None,bG2,bA2,None,bG2,bG3,bG3,None,None,None,None,None,None,None,None,White
24,Black,White,0,2,6,5,26,2,3,3,29,4,0,2,2,6,5,0,1,6,3,25,1,0,bG1,wG1,wG3,bG1,wG1,wG3,wQ,wQ,wA2,wS2,None,wA2,wS2,None,wS1,wS1,None,None,wB2,None,None,wB2,wB1,wB1,None,wA2,wS1,None,wA2,wS1,wG1,wG1,wQ,wG3,None,wQ,wG3,None,wA1,wA1,None,None,wB1,None,None,wB1,wS2,wS2,None,None,None,None,None,None,wB2,wB2,bS1,bG1,wQ,bS1,bG1,wQ,wG2,wG2,None,None,wS2,None,None,wS2,wA2,wA2,wG1,wS1,None,wG1,wS1,None,wG3,wG3,None,None,None,None,None,None,None,None,None,None,None,None,None,None,bQ,bQ,bB2,bA1,bG1,bB2,bA1,bG1,bS1,bS1,bG2,None,bA1,bG2,None,bA1,bB2,bB2,bA1,None,wG1,bA1,None,wG1,bG1,bG1,None,bQ,None,None,bQ,None,bA1,bA1,bA2,None,None,bA2,None,None,bS2,bS2,bG2,None,bA1,bG2,None,bA1,bB2,bB2,None,bS2,None,None,bS2,None,bG2,bG2,None,None,None,None,None,None,bA2,bA2,None,None,bG2,None,None,bG2,bG3,bG3,None,None,None,None,None,None,None,None,White
25,White,Black,0,2,6,5,30,2,3,3,31,4,27,2,2,6,5,0,1,6,3,27,1,0,bG1,wG1,wG3,bG1,wG1,wG3,wQ,wQ,wA2,wS2,None,wA2,wS2,None,wS1,wS1,None,None,wB2,None,None,wB2,wB1,wB1,None,wA2,wS1,None,wA2,wS1,wG1,wG1,wQ,wG3,None,wQ,wG3,None,wA1,wA1,None,None,wB1,None,None,wB1,wS2,wS2,None,None,None,None,None,None,wB2,wB2,bS1,bG1,wQ,bS1,bG1,wQ,wG2,wG2,None,None,wS2,None,None,wS2,wA2,wA2,wG1,wS1,None,wG1,wS1,None,wG3,wG3,wA1,None,None,wA1,None,None,wA3,wA3,None,None,None,None,None,None,bQ,bQ,bB2,bA1,bG1,bB2,bA1,bG1,bS1,bS1,bG2,None,bA1,bG2,None,bA1,bB2,bB2,bA1,None,wG1,bA1,None,wG1,bG1,bG1,None,bQ,None,None,bQ,None,bA1,bA1,bA2,None,None,bA2,None,None,bS2,bS2,bG2,None,bA1,bG2,None,bA1,bB2,bB2,None,bS2,None,None,bS2,None,bG2,bG2,None,None,None,None,None,None,bA2,bA2,None,None,bG2,None,None,bG2,bG3,bG3,None,None,None,None,None,None,None,None,White
26,Black,White,0,2,6,4,31,2,3,2,32,4,28,2,0,6,2,2,1,6,3,28,1,0,None,wG1,wG3,None,wG1,wG3,wQ,wQ,wA2,wS2,None,wA2,wS2,None,wS1,wS1,None,None,wB2,None,None,wB2,wB1,wB1,None,wA2,wS1,None,wA2,wS1,wG1,wG1,wQ,wG3,None,wQ,wG3,None,wA1,wA1,None,None,wB1,None,None,wB1,wS2,wS2,None,None,None,None,None,None,wB2,wB2,bS1,None,wQ,bS1,None,wQ,wG2,wG2,None,None,wS2,None,None,wS2,wA2,wA2,wG1,wS1,None,wG1,wS1,None,wG3,wG3,wA1,None,None,wA1,None,None,wA3,wA3,None,None,None,None,None,None,bQ,bQ,bB2,bA1,None,bB2,bA1,None,bS1,bS1,bG2,None,bA1,bG2,None,bA1,bB2,bB2,None,bB2,bS1,None,bB2,bS1,bG1,bG1,None,bQ,None,None,bQ,None,bA1,bA1,bA2,None,None,bA2,None,None,bS2,bS2,bG2,None,bA1,bG2,None,bA1,bB2,bB2,None,bS2,None,None,bS2,None,bG2,bG2,None,None,None,None,None,None,bA2,bA2,None,None,bG2,None,None,bG2,bG3,bG3,None,None,None,None,None,None,None,None,White
27,White,Black,0,2,6,4,27,2,3,3,30,4,28,2,0,6,3,2,1,6,3,26,1,0,None,wG1,wG3,None,wG1,wG3,wQ,wQ,wA2,wS2,None,wA2,wS2,None,wS1,wS1,None,None,wB2,None,None,wB2,wB1,wB1,None,wA2,wS1,None,wA2,wS1,wG1,wG1,wQ,wG3,None,wQ,wG3,None,wA1,wA1,None,None,wB1,None,None,wB1,wS2,wS2,None,None,None,None,None,None,wB2,wB2,bS1,None,wQ,bS1,None,wQ,wG2,wG2,None,None,wS2,None,None,wS2,wA2,wA2,wG1,wS1,None,wG1,wS1,None,wG3,wG3,bG1,bS1,wG2,bG1,bS1,wG2,wA3,wA3,None,None,None,None,None,None,bQ,bQ,bB2,bA1,None,bB2,bA1,None,bS1,bS1,bG2,None,bA1,bG2,None,bA1,bB2,bB2,None,bB2,bS1,None,bB2,bS1,bG1,bG1,None,bQ,None,None,bQ,None,bA1,bA1,bA2,None,None,bA2,None,None,bS2,bS2,bG2,None,bA1,bG2,None,bA1,bB2,bB2,None,bS2,None,None,bS2,None,bG2,bG2,None,None,None,None,None,None,bA2,bA2,None,None,bG2,None,None,bG2,bG3,bG3,None,None,None,None,None,None,None,None,White
28,Black,White,0,2,6,4,27,2,3,3,29,5,27,2,0,6,3,2,1,6,3,26,1,0,None,wG1,wG3,None,wG1,wG3,wQ,wQ,wA2,wS2,None,wA2,wS2,None,wS1,wS1,None,None,wB2,None,None,wB2,wB1,wB1,None,wA2,wS1,None,wA2,wS1,wG1,wG1,wQ,wG3,bA2,wQ,wG3,bA2,wA1,wA1,None,None,wB1,None,None,wB1,wS2,wS2,None,None,None,None,None,None,wB2,wB2,bS1,None,wQ,bS1,None,wQ,wG2,wG2,None,None,wS2,None,None,wS2,wA2,wA2,wG1,wS1,None,wG1,wS1,None,wG3,wG3,bG1,bS1,wG2,bG1,bS1,wG2,wA3,wA3,None,None,None,None,None,None,bQ,bQ,bB2,bA1,None,bB2,bA1,None,bS1,bS1,bG2,None,bA1,bG2,None,bA1,bB2,bB2,None,bB2,bS1,None,bB2,bS1,bG1,bG1,None,bQ,None,None,bQ,None,bA1,bA1,None,None,None,None,None,None,bS2,bS2,bG2,None,bA1,bG2,None,bA1,bB2,bB2,None,bS2,None,None,bS2,None,bG2,bG2,wG3,None,None,wG3,None,None,bA2,bA2,None,None,bG2,None,None,bG2,bG3,bG3,None,None,None,None,None,None,None,None,White
29,White,Black,2,2,5,4,27,2,4,3,30,4,28,2,0,6,3,2,1,6,3,26,1,0,None,wG1,wG3,None,wG1,wG3,wQ,wQ,wA2,wS2,None,wA2,wS2,None,wS1,wS1,None,wA1,wB2,None,wA1,wB2,wB1,wB1,None,wA2,wS1,None,wA2,wS1,wG1,wG1,None,None,None,None,None,None,wA1,wA1,None,None,wB1,None,None,wB1,wS2,wS2,wA1,None,None,wA1,None,None,wB2,wB2,bS1,None,wQ,bS1,None,wQ,wG2,wG2,None,None,wS2,None,None,wS2,wA2,wA2,wG1,wS1,None,wG1,wS1,None,wG3,wG3,bG1,bS1,wG2,bG1,bS1,wG2,wA3,wA3,None,None,None,None,None,None,bQ,bQ,bB2,bA1,None,bB2,bA1,None,bS1,bS1,bG2,None,bA1,bG2,None,bA1,bB2,bB2,None,bB2,bS1,None,bB2,bS1,bG1,bG1,None,bQ,None,None,bQ,None,bA1,bA1,None,None,None,None,None,None,bS2,bS2,bG2,None,bA1,bG2,None,bA1,bB2,bB2,None,bS2,None,None,bS2,None,bG2,bG2,wG3,None,None,wG3,None,None,bA2,bA2,None,None,bG2,None,None,bG2,bG3,bG3,None,None,None,None,None,None,None,None,White
30,Black,White,2,2,5,4,29,2,4,3,32,4,30,4,0,6,3,2,1,6,3,28,1,28,None,wG1,wG3,None,wG1,wG3,wQ,wQ,wA2,wS2,None,wA2,wS2,None,wS1,wS1,None,wA1,wB2,None,wA1,wB2,wB1,wB1,None,wA2,wS1,None,wA2,wS1,wG1,wG1,None,None,None,None,None,None,wA1,wA1,None,None,wB1,None,None,wB1,wS2,wS2,wA1,None,None,wA1,None,None,wB2,wB2,bS1,None,wQ,bS1,None,wQ,wG2,wG2,None,None,wS2,None,None,wS2,wA2,wA2,wG1,wS1,None,wG1,wS1,None,wG3,wG3,bG1,bS1,wG2,bG1,bS1,wG2,wA3,wA3,None,bA3,None,None,bA3,None,bQ,bQ,bB2,bA1,None,bB2,bA1,None,bS1,bS1,bG2,None,bA1,bG2,None,bA1,bB2,bB2,None,bB2,bS1,None,bB2,bS1,bG1,bG1,None,bQ,None,None,bQ,None,bA1,bA1,None,None,None,None,None,None,bS2,bS2,bG2,None,bA1,bG2,None,bA1,bB2,bB2,None,bS2,None,None,bS2,None,bG2,bG2,wG3,None,None,wG3,None,None,bA2,bA2,None,None,bG2,None,None,bG2,bG3,bG3,None,None,None,None,None,None,bA3,bA3,White
31,White,Black,2,2,5,3,33,2,4,3,32,4,34,4,0,6,3,36,1,6,3,34,1,32,None,wG1,wG3,None,wG1,wG3,wQ,wQ,None,wS2,None,None,wS2,None,wS1,wS1,None,wA1,wB2,None,wA1,wB2,wB1,wB1,None,None,wS1,None,None,wS1,wG1,wG1,None,None,None,None,None,None,wA1,wA1,None,None,wB1,None,None,wB1,wS2,wS2,wA1,None,None,wA1,None,None,wB2,wB2,bS1,None,wQ,bS1,None,wQ,wG2,wG2,None,None,None,None,None,None,wA2,wA2,wG1,wS1,None,wG1,wS1,None,wG3,wG3,bG1,bS1,wG2,bG1,bS1,wG2,wA3,wA3,None,bA3,None,None,bA3,None,bQ,bQ,bB2,bA1,None,bB2,bA1,None,bS1,bS1,bG2,None,bA1,bG2,None,bA1,bB2,bB2,None,bB2,bS1,None,bB2,bS1,bG1,bG1,None,bQ,None,None,bQ,None,bA1,bA1,None,None,None,None,None,None,bS2,bS2,bG2,None,bA1,bG2,None,bA1,bB2,bB2,None,bS2,None,None,bS2,None,bG2,bG2,wG3,None,wA2,wG3,None,wA2,bA2,bA2,None,None,bG2,None,None,bG2,bG3,bG3,None,None,None,None,None,None,bA3,bA3,White
32,Black,White,0,2,5,3,32,2,4,4,31,4,33,2,0,6,3,35,1,6,3,33,1,32,None,wG1,wG3,None,wG1,wG3,wQ,wQ,None,wS2,None,None,wS2,None,wS1,wS1,None,wA1,wB2,None,wA1,wB2,wB1,wB1,None,None,wS1,None,None,wS1,wG1,wG1,None,None,None,None,None,None,wA1,wA1,None,None,wB1,None,None,wB1,wS2,wS2,wA1,None,None,wA1,None,None,wB2,wB2,bS1,None,wQ,bS1,None,wQ,wG2,wG2,None,None,None,None,None,None,wA2,wA2,wG1,wS1,None,wG1,wS1,None,wG3,wG3,bG1,bS1,wG2,bG1,bS1,wG2,wA3,wA3,None,None,None,None,None,None,bQ,bQ,bB2,bA1,None,bB2,bA1,None,bS1,bS1,bG2,None,bA1,bG2,None,bA1,bB2,bB2,None,bB2,bS1,None,bB2,bS1,bG1,bG1,None,bQ,None,None,bQ,None,bA1,bA1,None,None,None,None,None,None,bS2,bS2,bG2,None,bA1,bG2,None,bA1,bB2,bB2,None,bS2,None,None,bS2,None,bG2,bG2,wG3,None,wA2,wG3,None,wA2,bA2,bA2,None,None,bG2,None,None,bG2,bG3,bG3,wG2,wQ,None,wG2,wQ,None,bA3,bA3,White
33,White,Black,0,2,5,4,28,2,4,4,31,4,29,2,0,6,3,2,1,6,3,27,1,28,None,wG1,wG3,None,wG1,wG3,wQ,wQ,wA2,wS2,None,wA2,wS2,None,wS1,wS1,None,wA1,wB2,None,wA1,wB2,wB1,wB1,None,wA2,wS1,None,wA2,wS1,wG1,wG1,None,None,None,None,None,None,wA1,wA1,None,None,wB1,None,None,wB1,wS2,wS2,wA1,None,None,wA1,None,None,wB2,wB2,bS1,None,wQ,bS1,None,wQ,wG2,wG2,None,None,wS2,None,None,wS2,wA2,wA2,wG1,wS1,None,wG1,wS1,None,wG3,wG3,bG1,bS1,wG2,bG1,bS1,wG2,wA3,wA3,None,None,None,None,None,None,bQ,bQ,bB2,bA1,None,bB2,bA1,None,bS1,bS1,bG2,None,bA1,bG2,None,bA1,bB2,bB2,None,bB2,bS1,None,bB2,bS1,bG1,bG1,None,bQ,None,None,bQ,None,bA1,bA1,None,None,None,None,None,None,bS2,bS2,bG2,None,bA1,bG2,None,bA1,bB2,bB2,None,bS2,None,None,bS2,None,bG2,bG2,wG3,None,None,wG3,None,None,bA2,bA2,None,None,bG2,None,None,bG2,bG3,bG3,wG2,wQ,None,wG2,wQ,None,bA3,bA3,White
34,Black,White,2,2,5,4,28,2,4,4,31,4,30,2,0,6,3,2,1,6,3,27,1,28,None,wG1,wG3,None,wG1,wG3,wQ,wQ,wA2,wS2,None,wA2,wS2,None,wS1,wS1,None,wA1,wB2,None,wA1,wB2,wB1,wB1,None,wA2,wS1,None,wA2,wS1,wG1,wG1,None,None,None,None,None,None,wA1,wA1,None,None,wB1,None,None,wB1,wS2,wS2,wA1,None,None,wA1,None,None,wB2,wB2,bS1,None,wQ,bS1,None,wQ,wG2,wG2,None,None,wS2,None,None,wS2,wA2,wA2,wG1,wS1,None,wG1,wS1,None,wG3,wG3,bG1,bS1,wG2,bG1,bS1,wG2,wA3,wA3,None,None,None,None,None,None,bQ,bQ,bB2,bA1,None,bB2,bA1,None,bS1,bS1,bG2,None,bA1,bG2,None,bA1,bB2,bB2,None,bB2,bS1,None,bB2,bS1,bG1,bG1,None,bQ,None,None,bQ,None,bA1,bA1,None,None,None,None,None,None,bS2,bS2,bG2,None,bA1,bG2,None,bA1,bB2,bB2,None,bS2,None,None,bS2,None,bG2,bG2,wG3,None,None,wG3,None,None,bA2,bA2,None,None,bG2,None,None,bG2,bG3,bG3,wA3,wG2,None,wA3,wG2,None,bA3,bA3,White
35,White,Black,2,2,6,4,28,2,6,4,32,4,31,2,0,6,3,2,1,6,3,28,1,29,None,wG1,wG3,None,wG1,wG3,wQ,wQ,wA2,wS2,None,wA2,wS2,None,wS1,wS1,None,None,wB2,None,None,wB2,wB1,wB1,None,wA2,wS1,None,wA2,wS1,wG1,wG1,None,None,None,None,None,None,wA1,wA1,None,None,wB1,None,None,wB1,wS2,wS2,None,None,wA1,None,None,wA1,wB2,wB2,bS1,None,wQ,bS1,None,wQ,wG2,wG2,None,None,wS2,None,None,wS2,wA2,wA2,wG1,wS1,None,wG1,wS1,None,wG3,wG3,bG1,bS1,wG2,bG1,bS1,wG2,wA3,wA3,None,None,None,None,None,None,bQ,bQ,bB2,bA1,None,bB2,bA1,None,bS1,bS1,bG2,None,bA1,bG2,None,bA1,bB2,bB2,None,bB2,bS1,None,bB2,bS1,bG1,bG1,None,bQ,None,None,bQ,None,bA1,bA1,None,None,None,None,None,None,bS2,bS2,bG2,None,bA1,bG2,None,bA1,bB2,bB2,None,bS2,None,None,bS2,None,bG2,bG2,wG3,None,None,wG3,None,None,bA2,bA2,None,None,bG2,None,None,bG2,bG3,bG3,wA3,wG2,None,wA3,wG2,None,bA3,bA3,White
36,Black,White,2,2,6,4,29,2,6,3,33,4,31,2,0,6,3,2,3,6,3,29,1,29,None,wG1,wG3,None,wG1,wG3,wQ,wQ,wA2,wS2,None,wA2,wS2,None,wS1,wS1,None,None,wB2,None,None,wB2,wB1,wB1,None,wA2,wS1,None,wA2,wS1,wG1,wG1,None,None,None,None,None,None,wA1,wA1,None,None,wB1,None,None,wB1,wS2,wS2,None,None,wA1,None,None,wA1,wB2,wB2,bS1,None,wQ,bS1,None,wQ,wG2,wG2,None,None,wS2,None,None,wS2,wA2,wA2,wG1,wS1,None,wG1,wS1,None,wG3,wG3,bG1,bS1,wG2,bG1,bS1,wG2,wA3,wA3,None,None,None,None,None,None,bQ,bQ,bB2,bA1,None,bB2,bA1,None,bS1,bS1,bG2,None,bA1,bG2,None,bA1,bB2,bB2,None,bB2,bS1,None,bB2,bS1,bG1,bG1,None,bQ,None,None,bQ,None,bA1,bA1,None,bA3,None,None,bA3,None,bS2,bS2,bG2,None,bA1,bG2,None,bA1,bB2,bB2,None,bS2,None,None,bS2,None,bG2,bG2,wG3,None,None,wG3,None,None,bA2,bA2,None,None,bG2,None,None,bG2,bG3,bG3,None,None,None,None,None,None,bA3,bA3,White
37,White,Black,2,2,6,3,36,2,6,3,33,4,35,2,0,6,3,37,3,6,3,33,1,33,None,wG1,wG3,None,wG1,wG3,wQ,wQ,None,wS2,None,None,wS2,None,wS1,wS1,None,None,wB2,None,None,wB2,wB1,wB1,None,None,wS1,None,None,wS1,wG1,wG1,None,None,wA2,None,None,wA2,wA1,wA1,None,None,wB1,None,None,wB1,wS2,wS2,None,None,wA1,None,None,wA1,wB2,wB2,bS1,None,wQ,bS1,None,wQ,wG2,wG2,None,None,None,None,None,None,wA2,wA2,wG1,wS1,None,wG1,wS1,None,wG3,wG3,bG1,bS1,wG2,bG1,bS1,wG2,wA3,wA3,None,None,None,None,None,None,bQ,bQ,bB2,bA1,None,bB2,bA1,None,bS1,bS1,bG2,None,bA1,bG2,None,bA1,bB2,bB2,None,bB2,bS1,None,bB2,bS1,bG1,bG1,None,bQ,None,None,bQ,None,bA1,bA1,None,bA3,None,None,bA3,None,bS2,bS2,bG2,None,bA1,bG2,None,bA1,bB2,bB2,None,bS2,None,None,bS2,None,bG2,bG2,wG3,None,None,wG3,None,None,bA2,bA2,None,None,bG2,None,None,bG2,bG3,bG3,None,None,None,None,None,None,bA3,bA3,White
38,Black,White,2,2,6,4,36,2,6,4,33,4,34,2,0,6,5,0,3,6,3,33,1,33,bG1,wG1,wG3,bG1,wG1,wG3,wQ,wQ,None,wS2,None,None,wS2,None,wS1,wS1,None,None,wB2,None,None,wB2,wB1,wB1,None,None,wS1,None,None,wS1,wG1,wG1,None,None,wA2,None,None,wA2,wA1,wA1,None,None,wB1,None,None,wB1,wS2,wS2,None,None,wA1,None,None,wA1,wB2,wB2,bS1,bG1,wQ,bS1,bG1,wQ,wG2,wG2,None,None,None,None,None,None,wA2,wA2,wG1,wS1,None,wG1,wS1,None,wG3,wG3,None,bS1,wG2,None,bS1,wG2,wA3,wA3,None,None,None,None,None,None,bQ,bQ,bB2,bA1,bG1,bB2,bA1,bG1,bS1,bS1,bG2,None,bA1,bG2,None,bA1,bB2,bB2,bA1,None,wG1,bA1,None,wG1,bG1,bG1,None,bQ,None,None,bQ,None,bA1,bA1,None,bA3,None,None,bA3,None,bS2,bS2,bG2,None,bA1,bG2,None,bA1,bB2,bB2,None,bS2,None,None,bS2,None,bG2,bG2,wG3,None,None,wG3,None,None,bA2,bA2,None,None,bG2,None,None,bG2,bG3,bG3,None,None,None,None,None,None,bA3,bA3,White
39,White,Black,2,0,6,4,37,2,6,3,34,5,34,2,0,6,4,0,3,6,3,35,1,34,bG1,wG1,wG3,bG1,wG1,wG3,wQ,wQ,None,wS2,None,None,wS2,None,wS1,wS1,None,None,wB2,None,None,wB2,wB1,wB1,None,None,wS1,None,None,wS1,wG1,wG1,None,None,wA2,None,None,wA2,wA1,wA1,None,None,wB1,None,None,wB1,wS2,wS2,None,None,wA1,None,None,wA1,wB2,wB2,wS1,None,None,wS1,None,None,wG2,wG2,None,None,None,None,None,None,wA2,wA2,wG1,wS1,wG2,wG1,wS1,wG2,wG3,wG3,None,bS1,None,None,bS1,None,wA3,wA3,None,None,None,None,None,None,bQ,bQ,bB2,bA1,bG1,bB2,bA1,bG1,bS1,bS1,bG2,None,bA1,bG2,None,bA1,bB2,bB2,bA1,None,wG1,bA1,None,wG1,bG1,bG1,None,bQ,None,None,bQ,None,bA1,bA1,None,bA3,None,None,bA3,None,bS2,bS2,bG2,None,bA1,bG2,None,bA1,bB2,bB2,None,bS2,None,None,bS2,None,bG2,bG2,wG3,wG2,None,wG3,wG2,None,bA2,bA2,None,None,bG2,None,None,bG2,bG3,bG3,None,None,None,None,None,None,bA3,bA3,White
40,Black,White,2,0,6,4,37,2,6,3,34,5,34,2,0,6,4,0,1,6,3,37,1,34,bG1,wG1,wG3,bG1,wG1,wG3,wQ,wQ,None,wS2,None,None,wS2,None,wS1,wS1,None,None,wB2,None,None,wB2,wB1,wB1,None,None,wS1,None,None,wS1,wG1,wG1,None,None,wA2,None,None,wA2,wA1,wA1,None,None,wB1,None,None,wB1,wS2,wS2,None,None,wA1,None,None,wA1,wB2,wB2,wS1,None,None,wS1,None,None,wG2,wG2,None,None,None,None,None,None,wA2,wA2,wG1,wS1,wG2,wG1,wS1,wG2,wG3,wG3,None,bS1,None,None,bS1,None,wA3,wA3,None,None,None,None,None,None,bQ,bQ,bB2,bA1,bG1,bB2,bA1,bG1,bS1,bS1,bG2,None,bA1,bG2,None,bA1,bB2,bB2,bA1,None,wG1,bA1,None,wG1,bG1,bG1,None,bQ,None,None,bQ,None,bA1,bA1,None,None,None,None,None,None,bS2,bS2,bG2,None,bA1,bG2,None,bA1,bB2,bB2,None,bS2,None,None,bS2,None,bG2,bG2,wG3,wG2,None,wG3,wG2,None,bA2,bA2,None,None,bG2,None,None,bG2,bG3,bG3,None,bA2,None,None,bA2,None,bA3,bA3,White
41,White,Black,2,0,6,4,37,2,6,3,36,5,34,2,2,6,4,0,1,6,3,37,1,34,bG1,wG1,wG3,bG1,wG1,wG3,wQ,wQ,None,wS2,None,None,wS2,None,wS1,wS1,None,None,wB2,None,None,wB2,wB1,wB1,None,None,wS1,None,None,wS1,wG1,wG1,None,None,wA2,None,None,wA2,wA1,wA1,None,None,wB1,None,None,wB1,wS2,wS2,None,None,wA1,None,None,wA1,wB2,wB2,wS1,None,None,wS1,None,None,wG2,wG2,None,None,None,None,None,None,wA2,wA2,wG1,wS1,wG2,wG1,wS1,wG2,wG3,wG3,wA2,None,None,wA2,None,None,wA3,wA3,None,None,None,None,None,None,bQ,bQ,bB2,bA1,bG1,bB2,bA1,bG1,bS1,bS1,bG2,None,bA1,bG2,None,bA1,bB2,bB2,bA1,None,wG1,bA1,None,wG1,bG1,bG1,None,bQ,None,None,bQ,None,bA1,bA1,None,None,None,None,None,None,bS2,bS2,bG2,None,bA1,bG2,None,bA1,bB2,bB2,None,bS2,None,None,bS2,None,bG2,bG2,wG3,wG2,None,wG3,wG2,None,bA2,bA2,None,None,bG2,None,None,bG2,bG3,bG3,None,bA2,None,None,bA2,None,bA3,bA3,White
42,Black,White,2,0,6,4,35,2,6,3,34,5,32,2,2,6,4,0,2,6,3,33,1,34,bG1,wG1,wG3,bG1,wG1,wG3,wQ,wQ,None,wS2,None,None,wS2,None,wS1,wS1,None,None,wB2,None,None,wB2,wB1,wB1,None,None,wS1,None,None,wS1,wG1,wG1,None,None,wA2,None,None,wA2,wA1,wA1,None,None,wB1,None,None,wB1,wS2,wS2,None,None,wA1,None,None,wA1,wB2,wB2,wS1,None,None,wS1,None,None,wG2,wG2,None,None,None,None,None,None,wA2,wA2,wG1,wS1,wG2,wG1,wS1,wG2,wG3,wG3,wA2,None,None,wA2,None,None,wA3,wA3,bA3,None,None,bA3,None,None,bQ,bQ,bB2,bA1,bG1,bB2,bA1,bG1,bS1,bS1,bG2,None,bA1,bG2,None,bA1,bB2,bB2,bA1,None,wG1,bA1,None,wG1,bG1,bG1,None,bQ,None,None,bQ,None,bA1,bA1,None,None,bA3,None,None,bA3,bS2,bS2,bG2,None,bA1,bG2,None,bA1,bB2,bB2,None,bS2,None,None,bS2,None,bG2,bG2,wG3,wG2,None,wG3,wG2,None,bA2,bA2,None,None,bG2,None,None,bG2,bG3,bG3,None,None,None,None,None,None,bA3,bA3,White
43,White,Black,2,0,6,4,34,2,6,3,31,5,32,2,2,6,4,0,2,6,3,32,1,34,bG1,wG1,wG3,bG1,wG1,wG3,wQ,wQ,None,wS2,None,None,wS2,None,wS1,wS1,None,None,wB2,None,None,wB2,wB1,wB1,None,None,wS1,None,None,wS1,wG1,wG1,None,None,wA2,None,None,wA2,wA1,wA1,None,None,wB1,None,None,wB1,wS2,wS2,None,None,wA1,None,None,wA1,wB2,wB2,wS1,None,None,wS1,None,None,wG2,wG2,None,None,None,None,None,None,wA2,wA2,wG1,wS1,wG2,wG1,wS1,wG2,wG3,wG3,None,None,None,None,None,None,wA3,wA3,bA3,wA3,None,bA3,wA3,None,bQ,bQ,bB2,bA1,bG1,bB2,bA1,bG1,bS1,bS1,bG2,None,bA1,bG2,None,bA1,bB2,bB2,bA1,None,wG1,bA1,None,wG1,bG1,bG1,None,bQ,None,None,bQ,None,bA1,bA1,None,None,bA3,None,None,bA3,bS2,bS2,bG2,None,bA1,bG2,None,bA1,bB2,bB2,None,bS2,None,None,bS2,None,bG2,bG2,wG3,wG2,None,wG3,wG2,None,bA2,bA2,None,None,bG2,None,None,bG2,bG3,bG3,None,None,wA3,None,None,wA3,bA3,bA3,White
44,Black,White,2,0,6,4,35,2,6,3,32,5,32,4,2,6,4,0,1,6,4,33,2,34,bG1,wG1,wG3,bG1,wG1,wG3,wQ,wQ,None,wS2,None,None,wS2,None,wS1,wS1,None,None,wB2,None,None,wB2,wB1,wB1,None,None,wS1,None,None,wS1,wG1,wG1,None,None,wA2,None,None,wA2,wA1,wA1,None,None,wB1,None,None,wB1,wS2,wS2,None,None,wA1,None,None,wA1,wB2,wB2,wS1,None,None,wS1,None,None,wG2,wG2,None,None,None,None,None,None,wA2,wA2,wG1,wS1,wG2,wG1,wS1,wG2,wG3,wG3,None,None,None,None,None,None,wA3,wA3,None,wA3,None,None,wA3,None,bQ,bQ,bB2,bA1,bG1,bB2,bA1,bG1,bS1,bS1,bG2,None,bA1,bG2,None,bA1,bB2,bB2,bA1,None,wG1,bA1,None,wG1,bG1,bG1,None,bQ,None,None,bQ,None,bA1,bA1,None,None,None,None,None,None,bS2,bS2,bG2,None,bA1,bG2,None,bA1,bB2,bB2,None,bS2,None,None,bS2,None,bG2,bG2,wG3,wG2,None,wG3,wG2,None,bA2,bA2,None,None,bG2,None,None,bG2,bG3,bG3,bG3,bG2,bB2,bG3,bG2,bB2,bA3,bA3,White
45,White,Black,2,0,6,4,35,2,6,3,32,5,32,2,0,6,4,0,1,6,4,33,2,34,bG1,wG1,wG3,bG1,wG1,wG3,wQ,wQ,None,wS2,None,None,wS2,None,wS1,wS1,None,None,wB2,None,None,wB2,wB1,wB1,None,None,wS1,None,None,wS1,wG1,wG1,None,None,wA2,None,None,wA2,wA1,wA1,None,None,wB1,None,None,wB1,wS2,wS2,None,None,wA1,None,None,wA1,wB2,wB2,wS1,None,None,wS1,None,None,wG2,wG2,None,None,None,None,None,None,wA2,wA2,wG1,wS1,wG2,wG1,wS1,wG2,wG3,wG3,None,bS1,None,None,bS1,None,wA3,wA3,None,None,None,None,None,None,bQ,bQ,bB2,bA1,bG1,bB2,bA1,bG1,bS1,bS1,bG2,None,bA1,bG2,None,bA1,bB2,bB2,bA1,None,wG1,bA1,None,wG1,bG1,bG1,None,bQ,None,None,bQ,None,bA1,bA1,None,None,None,None,None,None,bS2,bS2,bG2,None,bA1,bG2,None,bA1,bB2,bB2,None,bS2,None,None,bS2,None,bG2,bG2,wG3,wG2,None,wG3,wG2,None,bA2,bA2,None,None,bG2,None,None,bG2,bG3,bG3,bG3,bG2,bB2,bG3,bG2,bB2,bA3,bA3,White
46,Black,White,2,0,6,4,36,2,6,2,33,4,33,2,0,6,4,0,3,6,4,33,2,35,bG1,wG1,wG3,bG1,wG1,wG3,wQ,wQ,None,wS2,None,None,wS2,None,wS1,wS1,None,None,wB2,None,None,wB2,wB1,wB1,None,None,wS1,None,None,wS1,wG1,wG1,None,None,wA2,None,None,wA2,wA1,wA1,None,None,wB1,None,None,wB1,wS2,wS2,None,None,wA1,None,None,wA1,wB2,wB2,wS1,None,None,wS1,None,None,wG2,wG2,None,None,None,None,None,None,wA2,wA2,wG1,wS1,wG2,wG1,wS1,wG2,wG3,wG3,None,bS1,None,None,bS1,None,wA3,wA3,None,None,None,None,None,None,bQ,bQ,bB2,bA1,bG1,bB2,bA1,bG1,bS1,bS1,bG2,None,bA1,bG2,None,bA1,bB2,bB2,bA1,None,wG1,bA1,None,wG1,bG1,bG1,None,bQ,None,None,bQ,None,bA1,bA1,None,bA2,None,None,bA2,None,bS2,bS2,bG2,None,bA1,bG2,None,bA1,bB2,bB2,None,bS2,None,None,bS2,None,bG2,bG2,None,None,None,None,None,None,bA2,bA2,None,None,bG2,None,None,bG2,bG3,bG3,bG3,bG2,bB2,bG3,bG2,bB2,bA3,bA3,White
47,White,Black,2,0,6,4,31,2,6,2,33,4,33,2,0,6,4,0,3,6,4,31,2,0,bG1,wG1,wG3,bG1,wG1,wG3,wQ,wQ,None,wS2,None,None,wS2,None,wS1,wS1,None,None,wB2,None,None,wB2,wB1,wB1,None,None,wS1,None,None,wS1,wG1,wG1,None,None,None,None,None,None,wA1,wA1,None,None,wB1,None,None,wB1,wS2,wS2,None,None,wA1,None,None,wA1,wB2,wB2,wS1,None,None,wS1,None,None,wG2,wG2,None,bA3,None,None,bA3,None,wA2,wA2,wG1,wS1,wG2,wG1,wS1,wG2,wG3,wG3,None,bS1,None,None,bS1,None,wA3,wA3,None,None,None,None,None,None,bQ,bQ,bB2,bA1,bG1,bB2,bA1,bG1,bS1,bS1,bG2,None,bA1,bG2,None,bA1,bB2,bB2,bA1,None,wG1,bA1,None,wG1,bG1,bG1,None,bQ,None,None,bQ,None,bA1,bA1,None,bA2,None,None,bA2,None,bS2,bS2,bG2,None,bA1,bG2,None,bA1,bB2,bB2,None,bS2,None,None,bS2,None,bG2,bG2,None,None,None,None,None,None,bA2,bA2,None,None,bG2,None,None,bG2,bG3,bG3,bG3,bG2,bB2,bG3,bG2,bB2,bA3,bA3,White
48,Black,White,2,0,6,4,30,2,6,2,31,4,31,2,0,6,4,0,3,6,3,30,5,33,bG1,wG1,wG3,bG1,wG1,wG3,wQ,wQ,None,wS2,None,None,wS2,None,wS1,wS1,None,None,wB2,None,None,wB2,wB1,wB1,None,None,wS1,None,None,wS1,wG1,wG1,None,None,None,None,None,None,wA1,wA1,None,None,wB1,None,None,wB1,wS2,wS2,None,None,wA1,None,None,wA1,wB2,wB2,wS1,None,None,wS1,None,None,wG2,wG2,None,bA3,bG3,None,bA3,bG3,wA2,wA2,wG1,wS1,wG2,wG1,wS1,wG2,wG3,wG3,bG3,bS1,None,bG3,bS1,None,wA3,wA3,None,None,None,None,None,None,bQ,bQ,bB2,bA1,bG1,bB2,bA1,bG1,bS1,bS1,bG2,None,bA1,bG2,None,bA1,bB2,bB2,bA1,None,wG1,bA1,None,wG1,bG1,bG1,None,bQ,None,None,bQ,None,bA1,bA1,None,bA2,None,None,bA2,None,bS2,bS2,bG2,None,bA1,bG2,None,bA1,bB2,bB2,None,bS2,None,None,bS2,None,bG2,bG2,None,None,None,None,None,None,bA2,bA2,bA3,bB2,bS1,bA3,bB2,bS1,bG3,bG3,None,bG2,bB2,None,bG2,bB2,bA3,bA3,White
49,White,Black,2,0,6,4,30,2,3,2,28,4,28,2,0,6,4,0,2,6,3,28,5,30,bG1,wG1,wG3,bG1,wG1,wG3,wQ,wQ,None,wS2,None,None,wS2,None,wS1,wS1,None,None,wB2,None,None,wB2,wB1,wB1,None,None,wS1,None,None,wS1,wG1,wG1,bA2,None,None,bA2,None,None,wA1,wA1,None,None,wB1,None,None,wB1,wS2,wS2,None,None,None,None,None,None,wB2,wB2,wS1,None,None,wS1,None,None,wG2,wG2,None,bA3,bG3,None,bA3,bG3,wA2,wA2,wG1,wS1,wG2,wG1,wS1,wG2,wG3,wG3,bG3,bS1,None,bG3,bS1,None,wA3,wA3,wA1,None,None,wA1,None,None,bQ,bQ,bB2,bA1,bG1,bB2,bA1,bG1,bS1,bS1,bG2,None,bA1,bG2,None,bA1,bB2,bB2,bA1,None,wG1,bA1,None,wG1,bG1,bG1,None,bQ,None,None,bQ,None,bA1,bA1,None,bA2,wA1,None,bA2,wA1,bS2,bS2,bG2,None,bA1,bG2,None,bA1,bB2,bB2,None,bS2,None,None,bS2,None,bG2,bG2,None,None,None,None,None,None,bA2,bA2,bA3,bB2,bS1,bA3,bB2,bS1,bG3,bG3,None,bG2,bB2,None,bG2,bB2,bA3,bA3,White
50,Black,White,2,0,6,4,29,2,3,2,29,4,28,2,0,6,4,0,2,6,3,28,5,0,bG1,wG1,wG3,bG1,wG1,wG3,wQ,wQ,None,wS2,None,None,wS2,None,wS1,wS1,None,None,wB2,None,None,wB2,wB1,wB1,None,None,wS1,None,None,wS1,wG1,wG1,None,None,None,None,None,None,wA1,wA1,None,None,wB1,None,None,wB1,wS2,wS2,None,None,None,None,None,None,wB2,wB2,wS1,None,None,wS1,None,None,wG2,wG2,bA2,bA3,bG3,bA2,bA3,bG3,wA2,wA2,wG1,wS1,wG2,wG1,wS1,wG2,wG3,wG3,bG3,bS1,None,bG3,bS1,None,wA3,wA3,wA1,None,None,wA1,None,None,bQ,bQ,bB2,bA1,bG1,bB2,bA1,bG1,bS1,bS1,bG2,None,bA1,bG2,None,bA1,bB2,bB2,bA1,None,wG1,bA1,None,wG1,bG1,bG1,None,bQ,None,None,bQ,None,bA1,bA1,None,None,wA1,None,None,wA1,bS2,bS2,bG2,None,bA1,bG2,None,bA1,bB2,bB2,None,bS2,None,None,bS2,None,bG2,bG2,None,None,bA3,None,None,bA3,bA2,bA2,bA3,bB2,bS1,bA3,bB2,bS1,bG3,bG3,None,bG2,bB2,None,bG2,bB2,bA3,bA3,White
51,White,Black,2,0,6,4,0,2,3,2,30,4,28,2,2,6,4,0,2,6,3,29,4,0,bG1,wG1,wG3,bG1,wG1,wG3,wQ,wQ,None,wS2,None,None,wS2,None,wS1,wS1,None,None,wB2,None,None,wB2,wB1,wB1,None,None,wS1,None,None,wS1,wG1,wG1,None,wA3,None,None,wA3,None,wA1,wA1,None,None,wB1,None,None,wB1,wS2,wS2,None,None,None,None,None,None,wB2,wB2,wS1,None,None,wS1,None,None,wG2,wG2,bA2,bA3,bG3,bA2,bA3,bG3,wA2,wA2,wG1,wS1,wG2,wG1,wS1,wG2,wG3,wG3,None,None,None,None,None,None,wA3,wA3,wA1,None,None,wA1,None,None,bQ,bQ,bB2,bA1,bG1,bB2,bA1,bG1,bS1,bS1,bG2,None,bA1,bG2,None,bA1,bB2,bB2,bA1,None,wG1,bA1,None,wG1,bG1,bG1,None,bQ,None,None,bQ,None,bA1,bA1,None,None,wA1,None,None,wA1,bS2,bS2,bG2,None,bA1,bG2,None,bA1,bB2,bB2,None,bS2,None,None,bS2,None,bG2,bG2,None,None,bA3,None,None,bA3,bA2,bA2,bA3,bB2,bS1,bA3,bB2,bS1,bG3,bG3,None,bG2,bB2,None,bG2,bB2,bA3,bA3,White
52,Black,White,2,0,6,4,0,2,3,2,30,4,29,2,2,6,4,0,0,6,3,29,4,32,bG1,wG1,wG3,bG1,wG1,wG3,wQ,wQ,None,wS2,None,None,wS2,None,wS1,wS1,None,None,wB2,None,None,wB2,wB1,wB1,None,None,wS1,None,None,wS1,wG1,wG1,None,wA3,None,None,wA3,None,wA1,wA1,None,None,wB1,None,None,wB1,wS2,wS2,None,None,None,None,None,None,wB2,wB2,wS1,None,None,wS1,None,None,wG2,wG2,None,bA3,bG3,None,bA3,bG3,wA2,wA2,wG1,wS1,wG2,wG1,wS1,wG2,wG3,wG3,None,None,None,None,None,None,wA3,wA3,wA1,None,None,wA1,None,None,bQ,bQ,bB2,bA1,bG1,bB2,bA1,bG1,bS1,bS1,bG2,None,bA1,bG2,None,bA1,bB2,bB2,bA1,None,wG1,bA1,None,wG1,bG1,bG1,None,bQ,None,None,bQ,None,bA1,bA1,bA2,None,wA1,bA2,None,wA1,bS2,bS2,bG2,None,bA1,bG2,None,bA1,bB2,bB2,None,bS2,None,None,bS2,None,bG2,bG2,None,None,None,None,None,None,bA2,bA2,bA3,bB2,bS1,bA3,bB2,bS1,bG3,bG3,None,bG2,bB2,None,bG2,bB2,bA3,bA3,White
53,White,Black,2,2,6,4,0,2,3,3,29,3,28,2,0,6,5,0,0,6,3,28,4,31,bG1,wG1,wG3,bG1,wG1,wG3,wQ,wQ,None,wS2,None,None,wS2,None,wS1,wS1,None,None,wB2,None,None,wB2,wB1,wB1,None,None,wS1,None,None,wS1,wG1,wG1,None,wA3,None,None,wA3,None,wA1,wA1,None,None,wB1,None,None,wB1,wS2,wS2,None,None,None,None,None,None,wB2,wB2,bS1,bG1,wQ,bS1,bG1,wQ,wG2,wG2,None,bA3,bG3,None,bA3,bG3,wA2,wA2,wG1,wS1,None,wG1,wS1,None,wG3,wG3,None,None,None,None,None,None,wA3,wA3,wA1,None,None,wA1,None,None,bQ,bQ,bB2,bA1,bG1,bB2,bA1,bG1,bS1,bS1,bG2,None,bA1,bG2,None,bA1,bB2,bB2,bA1,None,wG1,bA1,None,wG1,bG1,bG1,None,bQ,None,None,bQ,None,bA1,bA1,bA2,None,wA1,bA2,None,wA1,bS2,bS2,bG2,None,bA1,bG2,None,bA1,bB2,bB2,None,bS2,None,None,bS2,None,bG2,bG2,None,None,None,None,None,None,bA2,bA2,bA3,bB2,bS1,bA3,bB2,bS1,bG3,bG3,None,bG2,bB2,None,bG2,bB2,bA3,bA3,White
54,Black,White,2,2,6,4,0,2,3,3,33,3,31,2,0,6,5,0,0,6,2,31,3,31,bG1,wG1,wG3,bG1,wG1,wG3,wQ,wQ,None,wS2,None,None,wS2,None,wS1,wS1,None,None,wB2,None,None,wB2,wB1,wB1,None,None,wS1,None,None,wS1,wG1,wG1,None,wA3,None,None,wA3,None,wA1,wA1,None,None,wB1,None,None,wB1,wS2,wS2,None,None,None,None,None,None,wB2,wB2,bS1,bG1,wQ,bS1,bG1,wQ,wG2,wG2,None,None,bG3,None,None,bG3,wA2,wA2,wG1,wS1,None,wG1,wS1,None,wG3,wG3,None,None,None,None,None,None,wA3,wA3,wA1,None,None,wA1,None,None,bQ,bQ,bB2,bA1,bG1,bB2,bA1,bG1,bS1,bS1,bG2,None,bA1,bG2,None,bA1,bB2,bB2,bA1,None,wG1,bA1,None,wG1,bG1,bG1,None,bQ,None,None,bQ,None,bA1,bA1,bA2,None,wA1,bA2,None,wA1,bS2,bS2,bG2,None,bA1,bG2,None,bA1,bB2,bB2,None,bS2,None,None,bS2,None,bG2,bG2,None,None,None,None,None,None,bA2,bA2,None,bB2,bS1,None,bB2,bS1,bG3,bG3,None,wA2,None,None,wA2,None,bA3,bA3,White
55,White,Black,2,2,4,4,0,2,3,3,33,3,31,2,0,6,5,0,0,6,2,31,3,31,bG1,wG1,wG3,bG1,wG1,wG3,wQ,wQ,None,wS2,None,None,wS2,None,wS1,wS1,None,None,None,None,None,None,wB1,wB1,None,None,wS1,None,None,wS1,wG1,wG1,None,wA3,None,None,wA3,None,wA1,wA1,None,None,wB1,None,None,wB1,wS2,wS2,wB1,None,None,wB1,None,None,wB2,wB2,bS1,bG1,wQ,bS1,bG1,wQ,wG2,wG2,None,None,bG3,None,None,bG3,wA2,wA2,wG1,wS1,None,wG1,wS1,None,wG3,wG3,None,None,None,None,None,None,wA3,wA3,wA1,None,None,wA1,None,None,bQ,bQ,bB2,bA1,bG1,bB2,bA1,bG1,bS1,bS1,bG2,None,bA1,bG2,None,bA1,bB2,bB2,bA1,None,wG1,bA1,None,wG1,bG1,bG1,None,bQ,None,None,bQ,None,bA1,bA1,bA2,None,wA1,bA2,None,wA1,bS2,bS2,bG2,None,bA1,bG2,None,bA1,bB2,bB2,None,bS2,None,None,bS2,None,bG2,bG2,None,None,None,None,None,None,bA2,bA2,None,bB2,bS1,None,bB2,bS1,bG3,bG3,None,wA2,None,None,wA2,None,bA3,bA3,White
56,Black,White,2,2,4,4,0,0,3,3,30,3,30,2,0,6,5,0,0,6,2,30,3,31,bG1,wG1,wG3,bG1,wG1,wG3,wQ,wQ,None,wS2,None,None,wS2,None,wS1,wS1,None,None,None,None,None,None,wB1,wB1,None,None,wS1,None,None,wS1,wG1,wG1,None,wA3,None,None,wA3,None,wA1,wA1,bA3,None,wB1,bA3,None,wB1,wS2,wS2,wB1,None,None,wB1,None,None,wB2,wB2,bS1,bG1,wQ,bS1,bG1,wQ,wG2,wG2,None,None,bG3,None,None,bG3,wA2,wA2,wG1,wS1,None,wG1,wS1,None,wG3,wG3,None,None,None,None,None,None,wA3,wA3,wA1,None,None,wA1,None,None,bQ,bQ,bB2,bA1,bG1,bB2,bA1,bG1,bS1,bS1,bG2,None,bA1,bG2,None,bA1,bB2,bB2,bA1,None,wG1,bA1,None,wG1,bG1,bG1,None,bQ,None,None,bQ,None,bA1,bA1,bA2,None,wA1,bA2,None,wA1,bS2,bS2,bG2,None,bA1,bG2,None,bA1,bB2,bB2,None,bS2,None,None,bS2,None,bG2,bG2,None,None,None,None,None,None,bA2,bA2,None,bB2,bS1,None,bB2,bS1,bG3,bG3,None,None,None,None,None,None,bA3,bA3,White
57,White,Black,2,2,4,4,30,0,4,3,28,3,30,2,0,6,5,0,0,6,2,28,3,29,bG1,wG1,wG3,bG1,wG1,wG3,wQ,wQ,None,wS2,None,None,wS2,None,wS1,wS1,None,None,None,None,None,None,wB1,wB1,None,None,wS1,None,None,wS1,wG1,wG1,None,None,None,None,None,None,wA1,wA1,bA3,None,wB1,bA3,None,wB1,wS2,wS2,wB1,None,None,wB1,None,None,wB2,wB2,bS1,bG1,wQ,bS1,bG1,wQ,wG2,wG2,None,None,bG3,None,None,bG3,wA2,wA2,wG1,wS1,None,wG1,wS1,None,wG3,wG3,None,wB2,None,None,wB2,None,wA3,wA3,wA1,None,None,wA1,None,None,bQ,bQ,bB2,bA1,bG1,bB2,bA1,bG1,bS1,bS1,bG2,None,bA1,bG2,None,bA1,bB2,bB2,bA1,None,wG1,bA1,None,wG1,bG1,bG1,None,bQ,None,None,bQ,None,bA1,bA1,bA2,None,wA1,bA2,None,wA1,bS2,bS2,bG2,None,bA1,bG2,None,bA1,bB2,bB2,None,bS2,None,None,bS2,None,bG2,bG2,None,None,None,None,None,None,bA2,bA2,None,bB2,bS1,None,bB2,bS1,bG3,bG3,None,None,None,None,None,None,bA3,bA3,White
58,Black,White,2,2,4,4,26,0,4,3,24,3,26,2,0,6,5,0,2,6,2,28,3,30,bG1,wG1,wG3,bG1,wG1,wG3,wQ,wQ,None,wS2,None,None,wS2,None,wS1,wS1,None,None,None,None,None,None,wB1,wB1,None,None,wS1,None,None,wS1,wG1,wG1,None,None,None,None,None,None,wA1,wA1,bA3,None,wB1,bA3,None,wB1,wS2,wS2,wB1,None,None,wB1,None,None,wB2,wB2,bS1,bG1,wQ,bS1,bG1,wQ,wG2,wG2,None,None,bG3,None,None,bG3,wA2,wA2,wG1,wS1,None,wG1,wS1,None,wG3,wG3,None,wB2,None,None,wB2,None,wA3,wA3,wA1,None,None,wA1,None,None,bQ,bQ,bB2,bA1,bG1,bB2,bA1,bG1,bS1,bS1,bG2,None,bA1,bG2,None,bA1,bB2,bB2,bA1,None,wG1,bA1,None,wG1,bG1,bG1,None,bQ,None,None,bQ,None,bA1,bA1,None,None,wA1,None,None,wA1,bS2,bS2,bG2,None,bA1,bG2,None,bA1,bB2,bB2,None,bS2,None,None,bS2,None,bG2,bG2,None,None,None,None,None,None,bA2,bA2,None,bB2,bS1,None,bB2,bS1,bG3,bG3,bA2,None,None,bA2,None,None,bA3,bA3,White
59,White,Black,2,2,4,4,26,0,4,3,24,3,25,2,0,6,5,0,1,6,3,27,4,29,bG1,wG1,wG3,bG1,wG1,wG3,wQ,wQ,None,wS2,None,None,wS2,None,wS1,wS1,None,None,None,None,None,None,wB1,wB1,None,None,wS1,None,None,wS1,wG1,wG1,None,bG2,bB2,None,bG2,bB2,wA1,wA1,bA3,None,wB1,bA3,None,wB1,wS2,wS2,wB1,None,None,wB1,None,None,wB2,wB2,bS1,bG1,wQ,bS1,bG1,wQ,wG2,wG2,None,wA1,bG3,None,wA1,bG3,wA2,wA2,wG1,wS1,None,wG1,wS1,None,wG3,wG3,None,wB2,None,None,wB2,None,wA3,wA3,None,None,None,None,None,None,bQ,bQ,bB2,bA1,bG1,bB2,bA1,bG1,bS1,bS1,bG2,None,bA1,bG2,None,bA1,bB2,bB2,bA1,None,wG1,bA1,None,wG1,bG1,bG1,None,bQ,None,None,bQ,None,bA1,bA1,None,None,None,None,None,None,bS2,bS2,bG2,None,bA1,bG2,None,bA1,bB2,bB2,None,bS2,None,None,bS2,None,bG2,bG2,None,None,None,None,None,None,bA2,bA2,wA1,bB2,bS1,wA1,bB2,bS1,bG3,bG3,bA2,None,None,bA2,None,None,bA3,bA3,White
60,Black,White,2,2,4,5,26,0,4,3,24,3,25,2,0,6,6,0,1,6,3,27,4,25,bG1,wG1,wG3,bG1,wG1,wG3,wQ,wQ,None,wS2,None,None,wS2,None,wS1,wS1,None,None,None,None,None,None,wB1,wB1,bA2,None,wS1,bA2,None,wS1,wG1,wG1,None,bG2,bB2,None,bG2,bB2,wA1,wA1,bA3,None,wB1,bA3,None,wB1,wS2,wS2,wB1,None,None,wB1,None,None,wB2,wB2,bS1,bG1,wQ,bS1,bG1,wQ,wG2,wG2,None,wA1,bG3,None,wA1,bG3,wA2,wA2,wG1,wS1,None,wG1,wS1,None,wG3,wG3,None,wB2,None,None,wB2,None,wA3,wA3,None,None,None,None,None,None,bQ,bQ,bB2,bA1,bG1,bB2,bA1,bG1,bS1,bS1,bG2,None,bA1,bG2,None,bA1,bB2,bB2,bA1,bA2,wG1,bA1,bA2,wG1,bG1,bG1,None,bQ,bA2,None,bQ,bA2,bA1,bA1,None,None,None,None,None,None,bS2,bS2,bG2,None,bA1,bG2,None,bA1,bB2,bB2,None,bS2,None,None,bS2,None,bG2,bG2,bQ,None,None,bQ,None,None,bA2,bA2,wA1,bB2,bS1,wA1,bB2,bS1,bG3,bG3,None,None,None,None,None,None,bA3,bA3,White
61,White,Black,2,2,4,5,25,0,4,3,23,3,24,2,2,6,5,0,1,6,3,0,4,24,bG1,wG1,wG3,bG1,wG1,wG3,wQ,wQ,None,wS2,None,None,wS2,None,wS1,wS1,None,None,None,None,None,None,wB1,wB1,bA2,None,wS1,bA2,None,wS1,wG1,wG1,None,bG2,bB2,None,bG2,bB2,wA1,wA1,bA3,None,wB1,bA3,None,wB1,wS2,wS2,wB1,None,None,wB1,None,None,wB2,wB2,None,None,bA3,None,None,bA3,wG2,wG2,None,wA1,bG3,None,wA1,bG3,wA2,wA2,wG1,wS1,None,wG1,wS1,None,wG3,wG3,None,wB2,None,None,wB2,None,wA3,wA3,None,None,wG2,None,None,wG2,bQ,bQ,bB2,bA1,bG1,bB2,bA1,bG1,bS1,bS1,bG2,None,bA1,bG2,None,bA1,bB2,bB2,bA1,bA2,wG1,bA1,bA2,wG1,bG1,bG1,None,bQ,bA2,None,bQ,bA2,bA1,bA1,None,None,None,None,None,None,bS2,bS2,bG2,None,bA1,bG2,None,bA1,bB2,bB2,None,bS2,None,None,bS2,None,bG2,bG2,bQ,wG2,None,bQ,wG2,None,bA2,bA2,wA1,bB2,bS1,wA1,bB2,bS1,bG3,bG3,None,None,None,None,None,None,bA3,bA3,White
62,Black,White,2,2,4,5,26,1,4,3,24,3,25,2,2,6,5,0,1,6,3,0,4,24,bG1,wG1,wG3,bG1,wG1,wG3,wQ,wQ,None,wS2,None,None,wS2,None,wS1,wS1,None,None,None,None,None,None,wB1,wB1,bA2,None,wS1,bA2,None,wS1,wG1,wG1,None,bG2,bB2,None,bG2,bB2,wA1,wA1,None,None,wB1,None,None,wB1,wS2,wS2,wB1,None,None,wB1,None,None,wB2,wB2,bA3,None,None,bA3,None,None,wG2,wG2,None,wA1,bG3,None,wA1,bG3,wA2,wA2,wG1,wS1,None,wG1,wS1,None,wG3,wG3,None,wB2,None,None,wB2,None,wA3,wA3,None,bA3,wG2,None,bA3,wG2,bQ,bQ,bB2,bA1,bG1,bB2,bA1,bG1,bS1,bS1,bG2,None,bA1,bG2,None,bA1,bB2,bB2,bA1,bA2,wG1,bA1,bA2,wG1,bG1,bG1,None,bQ,bA2,None,bQ,bA2,bA1,bA1,None,None,None,None,None,None,bS2,bS2,bG2,None,bA1,bG2,None,bA1,bB2,bB2,None,bS2,None,None,bS2,None,bG2,bG2,bQ,wG2,None,bQ,wG2,None,bA2,bA2,wA1,bB2,bS1,wA1,bB2,bS1,bG3,bG3,None,None,None,None,None,None,bA3,bA3,White
63,White,Black,2,2,4,5,27,1,3,3,25,3,25,2,0,6,5,0,1,6,3,0,5,25,bG1,wG1,wG3,bG1,wG1,wG3,wQ,wQ,None,wS2,None,None,wS2,None,wS1,wS1,None,None,None,None,None,None,wB1,wB1,bA2,None,wS1,bA2,None,wS1,wG1,wG1,None,bG2,bB2,None,bG2,bB2,wA1,wA1,None,None,wB1,None,None,wB1,wS2,wS2,wB1,None,None,wB1,None,None,wB2,wB2,bA3,None,None,bA3,None,None,wG2,wG2,None,wA1,bG3,None,wA1,bG3,wA2,wA2,wG1,wS1,None,wG1,wS1,None,wG3,wG3,bG3,bS1,None,bG3,bS1,None,wA3,wA3,None,bA3,wG2,None,bA3,wG2,bQ,bQ,bB2,bA1,bG1,bB2,bA1,bG1,bS1,bS1,bG2,None,bA1,bG2,None,bA1,bB2,bB2,bA1,bA2,wG1,bA1,bA2,wG1,bG1,bG1,None,bQ,bA2,None,bQ,bA2,bA1,bA1,None,None,None,None,None,None,bS2,bS2,bG2,None,bA1,bG2,None,bA1,bB2,bB2,None,bS2,None,None,bS2,None,bG2,bG2,bQ,wG2,None,bQ,wG2,None,bA2,bA2,wA1,bB2,bS1,wA1,bB2,bS1,bG3,bG3,None,None,None,None,None,None,bA3,bA3,White
64,Black,White,2,2,4,5,28,1,3,2,26,3,26,2,0,6,5,0,3,6,3,0,5,25,bG1,wG1,wG3,bG1,wG1,wG3,wQ,wQ,None,wS2,None,None,wS2,None,wS1,wS1,None,None,None,None,None,None,wB1,wB1,bA2,None,wS1,bA2,None,wS1,wG1,wG1,None,bG2,bB2,None,bG2,bB2,wA1,wA1,None,None,wB1,None,None,wB1,wS2,wS2,wB1,None,None,wB1,None,None,wB2,wB2,None,None,None,None,None,None,wG2,wG2,None,wA1,bG3,None,wA1,bG3,wA2,wA2,wG1,wS1,None,wG1,wS1,None,wG3,wG3,bG3,bS1,None,bG3,bS1,None,wA3,wA3,None,None,wG2,None,None,wG2,bQ,bQ,bB2,bA1,bG1,bB2,bA1,bG1,bS1,bS1,bG2,None,bA1,bG2,None,bA1,bB2,bB2,bA1,bA2,wG1,bA1,bA2,wG1,bG1,bG1,None,bQ,bA2,None,bQ,bA2,bA1,bA1,None,bA3,None,None,bA3,None,bS2,bS2,bG2,None,bA1,bG2,None,bA1,bB2,bB2,None,bS2,None,None,bS2,None,bG2,bG2,bQ,wG2,None,bQ,wG2,None,bA2,bA2,wA1,bB2,bS1,wA1,bB2,bS1,bG3,bG3,None,None,None,None,None,None,bA3,bA3,White
65,White,Black,2,2,4,5,28,1,3,2,26,3,29,2,0,6,5,0,3,6,3,0,4,26,bG1,wG1,wG3,bG1,wG1,wG3,wQ,wQ,None,wS2,None,None,wS2,None,wS1,wS1,None,None,None,None,None,None,wB1,wB1,bA2,None,wS1,bA2,None,wS1,wG1,wG1,None,bG2,bB2,None,bG2,bB2,wA1,wA1,None,None,wB1,None,None,wB1,wS2,wS2,wB1,None,None,wB1,None,None,wB2,wB2,None,None,None,None,None,None,wG2,wG2,None,wA3,None,None,wA3,None,wA2,wA2,wG1,wS1,None,wG1,wS1,None,wG3,wG3,bG3,bS1,None,bG3,bS1,None,wA3,wA3,None,None,wG2,None,None,wG2,bQ,bQ,bB2,bA1,bG1,bB2,bA1,bG1,bS1,bS1,bG2,None,bA1,bG2,None,bA1,bB2,bB2,bA1,bA2,wG1,bA1,bA2,wG1,bG1,bG1,None,bQ,bA2,None,bQ,bA2,bA1,bA1,None,bA3,None,None,bA3,None,bS2,bS2,bG2,None,bA1,bG2,None,bA1,bB2,bB2,None,bS2,None,None,bS2,None,bG2,bG2,bQ,wG2,None,bQ,wG2,None,bA2,bA2,wA1,bB2,bS1,wA1,bB2,bS1,bG3,bG3,None,None,None,None,None,None,bA3,bA3,White
66,Black,White,2,2,4,5,28,1,3,2,26,3,29,2,0,6,5,0,2,5,4,0,4,26,bG1,wG1,wG3,bG1,wG1,wG3,wQ,wQ,None,wS2,None,None,wS2,None,wS1,wS1,None,None,None,None,None,None,wB1,wB1,bA2,None,wS1,bA2,None,wS1,wG1,wG1,None,bG2,bB1,None,bG2,bB1,wA1,wA1,None,None,wB1,None,None,wB1,wS2,wS2,wB1,None,None,wB1,None,None,wB2,wB2,None,None,None,None,None,None,wG2,wG2,None,wA3,None,None,wA3,None,wA2,wA2,wG1,wS1,None,wG1,wS1,None,wG3,wG3,bG3,bS1,None,bG3,bS1,None,wA3,wA3,None,None,wG2,None,None,wG2,bQ,bQ,bB1,bA1,bG1,bB1,bA1,bG1,bS1,bS1,bG2,bB2,bA1,bG2,bB2,bA1,bB1,bB1,bA1,bA2,wG1,bA1,bA2,wG1,bG1,bG1,bB2,bQ,bA2,bB2,bQ,bA2,bA1,bA1,None,bA3,None,None,bA3,None,bS2,bS2,bS2,None,bQ,bS2,None,bQ,bB2,bB2,None,bS2,bB2,None,bS2,bB2,bG2,bG2,bQ,wG2,None,bQ,wG2,None,bA2,bA2,wA1,bB1,bS1,wA1,bB1,bS1,bG3,bG3,None,None,None,None,None,None,bA3,bA3,White
67,White,Black,2,2,4,5,0,1,3,2,26,3,27,2,0,6,5,0,2,5,4,0,4,26,bG1,wG1,wG3,bG1,wG1,wG3,wQ,wQ,None,wS2,None,None,wS2,None,wS1,wS1,None,None,None,None,None,None,wB1,wB1,bA2,None,wS1,bA2,None,wS1,wG1,wG1,None,bG2,bB1,None,bG2,bB1,wA1,wA1,None,None,wB1,None,None,wB1,wS2,wS2,wB1,None,None,wB1,None,None,wB2,wB2,None,None,None,None,None,None,wG2,wG2,None,None,wA1,None,None,wA1,wA2,wA2,wG1,wS1,None,wG1,wS1,None,wG3,wG3,bG3,bS1,None,bG3,bS1,None,wA3,wA3,None,None,wG2,None,None,wG2,bQ,bQ,bB1,bA1,bG1,bB1,bA1,bG1,bS1,bS1,bG2,bB2,bA1,bG2,bB2,bA1,bB1,bB1,bA1,bA2,wG1,bA1,bA2,wG1,bG1,bG1,bB2,bQ,bA2,bB2,bQ,bA2,bA1,bA1,None,bA3,None,None,bA3,None,bS2,bS2,bS2,None,bQ,bS2,None,bQ,bB2,bB2,None,bS2,bB2,None,bS2,bB2,bG2,bG2,bQ,wG2,None,bQ,wG2,None,bA2,bA2,wA1,bB1,bS1,wA1,bB1,bS1,bG3,bG3,None,None,None,None,None,None,bA3,bA3,White
68,Black,White,2,2,4,5,0,1,3,2,26,3,27,2,0,5,5,0,3,6,3,0,4,26,bG1,wG1,wG3,bG1,wG1,wG3,wQ,wQ,None,wS2,None,None,wS2,None,wS1,wS1,None,None,None,None,None,None,wB1,wB1,bA2,None,wS1,bA2,None,wS1,wG1,wG1,None,bB2,bB1,None,bB2,bB1,wA1,wA1,None,None,wB1,None,None,wB1,wS2,wS2,wB1,None,None,wB1,None,None,wB2,wB2,None,None,None,None,None,None,wG2,wG2,None,None,wA1,None,None,wA1,wA2,wA2,wG1,wS1,None,wG1,wS1,None,wG3,wG3,bG3,bS1,None,bG3,bS1,None,wA3,wA3,None,None,wG2,None,None,wG2,bQ,bQ,bB1,bA1,bG1,bB1,bA1,bG1,bS1,bS1,bB2,None,bA1,bB2,None,bA1,bB1,bB1,bA1,bA2,wG1,bA1,bA2,wG1,bG1,bG1,None,bQ,bA2,None,bQ,bA2,bA1,bA1,None,bA3,None,None,bA3,None,bS2,bS2,None,bS2,None,None,bS2,None,bB2,bB2,None,bS2,None,None,bS2,None,bB2,bB2,bQ,wG2,None,bQ,wG2,None,bA2,bA2,wA1,bB1,bS1,wA1,bB1,bS1,bG3,bG3,None,None,None,None,None,None,bA3,bA3,White
69,White,Black,2,2,4,5,28,1,3,3,26,3,27,2,0,5,5,0,3,6,3,0,4,26,bG1,wG1,wG3,bG1,wG1,wG3,wQ,wQ,None,wS2,None,None,wS2,None,wS1,wS1,None,None,None,None,None,None,wB1,wB1,bA2,None,wS1,bA2,None,wS1,wG1,wG1,None,bB2,bB1,None,bB2,bB1,wA1,wA1,None,None,wB1,None,None,wB1,wS2,wS2,wB1,None,None,wB1,None,None,wB2,wB2,None,wA2,None,None,wA2,None,wG2,wG2,None,None,None,None,None,None,wA2,wA2,wG1,wS1,None,wG1,wS1,None,wG3,wG3,bG3,bS1,None,bG3,bS1,None,wA3,wA3,None,None,wG2,None,None,wG2,bQ,bQ,bB1,bA1,bG1,bB1,bA1,bG1,bS1,bS1,bB2,None,bA1,bB2,None,bA1,bB1,bB1,bA1,bA2,wG1,bA1,bA2,wG1,bG1,bG1,None,bQ,bA2,None,bQ,bA2,bA1,bA1,None,bA3,None,None,bA3,None,bS2,bS2,None,bS2,None,None,bS2,None,bB2,bB2,None,bS2,None,None,bS2,None,bB2,bB2,bQ,wG2,None,bQ,wG2,None,bA2,bA2,wA1,bB1,bS1,wA1,bB1,bS1,bG3,bG3,None,None,None,None,None,None,bA3,bA3,White
70,Black,White,2,2,4,5,27,1,3,3,25,3,27,2,0,5,5,0,1,6,3,0,5,26,bG1,wG1,wG3,bG1,wG1,wG3,wQ,wQ,None,wS2,None,None,wS2,None,wS1,wS1,None,None,None,None,None,None,wB1,wB1,bA2,None,wS1,bA2,None,wS1,wG1,wG1,None,bB2,bB1,None,bB2,bB1,wA1,wA1,None,None,wB1,None,None,wB1,wS2,wS2,wB1,None,None,wB1,None,None,wB2,wB2,None,wA2,None,None,wA2,None,wG2,wG2,None,None,None,None,None,None,wA2,wA2,wG1,wS1,None,wG1,wS1,None,wG3,wG3,bG3,bS1,None,bG3,bS1,None,wA3,wA3,None,None,wG2,None,None,wG2,bQ,bQ,bB1,bA1,bG1,bB1,bA1,bG1,bS1,bS1,bB2,None,bA1,bB2,None,bA1,bB1,bB1,bA1,bA2,wG1,bA1,bA2,wG1,bG1,bG1,None,bQ,bA2,None,bQ,bA2,bA1,bA1,None,None,None,None,None,None,bS2,bS2,None,bS2,None,None,bS2,None,bB2,bB2,None,bS2,None,None,bS2,None,bB2,bB2,bQ,wG2,None,bQ,wG2,None,bA2,bA2,wA1,bB1,bS1,wA1,bB1,bS1,bG3,bG3,None,bG3,wA3,None,bG3,wA3,bA3,bA3,White
71,White,Black,0,2,4,5,29,1,3,3,27,3,27,2,2,5,5,0,1,6,3,0,4,27,bG1,wG1,wG3,bG1,wG1,wG3,wQ,wQ,None,wS2,None,None,wS2,None,wS1,wS1,None,None,None,None,None,None,wB1,wB1,bA2,None,wS1,bA2,None,wS1,wG1,wG1,None,bB2,bB1,None,bB2,bB1,wA1,wA1,None,None,wB1,None,None,wB1,wS2,wS2,wB1,None,None,wB1,None,None,wB2,wB2,None,wA2,None,None,wA2,None,wG2,wG2,None,None,None,None,None,None,wA2,wA2,wG1,wS1,None,wG1,wS1,None,wG3,wG3,None,wQ,None,None,wQ,None,wA3,wA3,None,None,wG2,None,None,wG2,bQ,bQ,bB1,bA1,bG1,bB1,bA1,bG1,bS1,bS1,bB2,None,bA1,bB2,None,bA1,bB1,bB1,bA1,bA2,wG1,bA1,bA2,wG1,bG1,bG1,None,bQ,bA2,None,bQ,bA2,bA1,bA1,None,None,None,None,None,None,bS2,bS2,None,bS2,None,None,bS2,None,bB2,bB2,None,bS2,None,None,bS2,None,bB2,bB2,bQ,wG2,None,bQ,wG2,None,bA2,bA2,wA1,bB1,bS1,wA1,bB1,bS1,bG3,bG3,None,bG3,None,None,bG3,None,bA3,bA3,White
72,Black,White,0,2,4,5,28,1,3,3,26,3,26,2,2,5,5,0,1,6,4,0,3,27,bG1,wG1,wG3,bG1,wG1,wG3,wQ,wQ,None,wS2,None,None,wS2,None,wS1,wS1,None,None,None,None,None,None,wB1,wB1,bA2,None,wS1,bA2,None,wS1,wG1,wG1,None,bB2,bB1,None,bB2,bB1,wA1,wA1,None,None,wB1,None,None,wB1,wS2,wS2,wB1,None,None,wB1,None,None,wB2,wB2,None,wA2,None,None,wA2,None,wG2,wG2,None,None,None,None,None,None,wA2,wA2,wG1,wS1,None,wG1,wS1,None,wG3,wG3,None,wQ,None,None,wQ,None,wA3,wA3,None,None,wG2,None,None,wG2,bQ,bQ,bB1,bA1,bG1,bB1,bA1,bG1,bS1,bS1,bB2,None,bA1,bB2,None,bA1,bB1,bB1,bA1,bA2,wG1,bA1,bA2,wG1,bG1,bG1,None,bQ,bA2,None,bQ,bA2,bA1,bA1,None,None,None,None,None,None,bS2,bS2,bA3,bS2,None,bA3,bS2,None,bB2,bB2,bA3,bS2,None,bA3,bS2,None,bB2,bB2,bQ,wG2,None,bQ,wG2,None,bA2,bA2,wA1,bB1,bS1,wA1,bB1,bS1,bG3,bG3,None,None,bS2,None,None,bS2,bA3,bA3,White
73,White,Black,2,0,4,5,25,1,3,3,23,4,26,2,2,5,5,0,1,6,4,0,3,24,bG1,wG1,wG3,bG1,wG1,wG3,wQ,wQ,None,wS2,None,None,wS2,None,wS1,wS1,None,None,None,None,None,None,wB1,wB1,bA2,None,wS1,bA2,None,wS1,wG1,wG1,None,bB2,bB1,None,bB2,bB1,wA1,wA1,None,None,wB1,None,None,wB1,wS2,wS2,wB1,None,None,wB1,None,None,wB2,wB2,None,wA2,None,None,wA2,None,wG2,wG2,None,None,None,None,None,None,wA2,wA2,wG1,wS1,wA3,wG1,wS1,wA3,wG3,wG3,wS1,None,None,wS1,None,None,wA3,wA3,None,None,wG2,None,None,wG2,bQ,bQ,bB1,bA1,bG1,bB1,bA1,bG1,bS1,bS1,bB2,None,bA1,bB2,None,bA1,bB1,bB1,bA1,bA2,wG1,bA1,bA2,wG1,bG1,bG1,None,bQ,bA2,None,bQ,bA2,bA1,bA1,None,None,None,None,None,None,bS2,bS2,bA3,bS2,None,bA3,bS2,None,bB2,bB2,bA3,bS2,None,bA3,bS2,None,bB2,bB2,bQ,wG2,None,bQ,wG2,None,bA2,bA2,wA1,bB1,bS1,wA1,bB1,bS1,bG3,bG3,None,None,bS2,None,None,bS2,bA3,bA3,White
74,Black,White,2,0,3,5,26,1,3,3,24,4,27,2,2,5,5,0,1,6,3,0,3,24,bG1,wG1,wG3,bG1,wG1,wG3,wQ,wQ,None,wS2,None,None,wS2,None,wS1,wS1,None,bA3,None,None,bA3,None,wB1,wB1,bA2,None,wS1,bA2,None,wS1,wG1,wG1,None,bB2,bB1,None,bB2,bB1,wA1,wA1,None,None,wB1,None,None,wB1,wS2,wS2,wB1,None,None,wB1,None,None,wB2,wB2,None,wA2,None,None,wA2,None,wG2,wG2,None,None,None,None,None,None,wA2,wA2,wG1,wS1,wA3,wG1,wS1,wA3,wG3,wG3,wS1,None,None,wS1,None,None,wA3,wA3,None,None,wG2,None,None,wG2,bQ,bQ,bB1,bA1,bG1,bB1,bA1,bG1,bS1,bS1,bB2,None,bA1,bB2,None,bA1,bB1,bB1,bA1,bA2,wG1,bA1,bA2,wG1,bG1,bG1,None,bQ,bA2,None,bQ,bA2,bA1,bA1,None,None,None,None,None,None,bS2,bS2,None,bS2,None,None,bS2,None,bB2,bB2,None,bS2,None,None,bS2,None,bB2,bB2,bQ,wG2,None,bQ,wG2,None,bA2,bA2,wA1,bB1,bS1,wA1,bB1,bS1,bG3,bG3,None,None,None,None,None,None,bA3,bA3,White
75,White,Black,2,2,4,5,27,1,4,3,25,3,27,2,2,5,5,0,1,6,3,0,3,26,bG1,wG1,wG3,bG1,wG1,wG3,wQ,wQ,None,wS2,None,None,wS2,None,wS1,wS1,None,bA3,wA3,None,bA3,wA3,wB1,wB1,bA2,None,wS1,bA2,None,wS1,wG1,wG1,None,bB2,bB1,None,bB2,bB1,wA1,wA1,None,None,wB1,None,None,wB1,wS2,wS2,wB1,wA3,None,wB1,wA3,None,wB2,wB2,None,wA2,None,None,wA2,None,wG2,wG2,None,None,None,None,None,None,wA2,wA2,wG1,wS1,None,wG1,wS1,None,wG3,wG3,bA3,None,None,bA3,None,None,wA3,wA3,None,None,wG2,None,None,wG2,bQ,bQ,bB1,bA1,bG1,bB1,bA1,bG1,bS1,bS1,bB2,None,bA1,bB2,None,bA1,bB1,bB1,bA1,bA2,wG1,bA1,bA2,wG1,bG1,bG1,None,bQ,bA2,None,bQ,bA2,bA1,bA1,None,None,None,None,None,None,bS2,bS2,None,bS2,None,None,bS2,None,bB2,bB2,None,bS2,None,None,bS2,None,bB2,bB2,bQ,wG2,None,bQ,wG2,None,bA2,bA2,wA1,bB1,bS1,wA1,bB1,bS1,bG3,bG3,None,None,None,None,None,None,bA3,bA3,White
76,Black,White,2,2,5,5,28,1,4,3,25,3,26,2,2,5,5,0,1,6,4,0,3,26,bG1,wG1,wG3,bG1,wG1,wG3,wQ,wQ,None,wS2,None,None,wS2,None,wS1,wS1,None,None,wA3,None,None,wA3,wB1,wB1,bA2,None,wS1,bA2,None,wS1,wG1,wG1,bA3,bB2,bB1,bA3,bB2,bB1,wA1,wA1,None,None,wB1,None,None,wB1,wS2,wS2,wB1,wA3,None,wB1,wA3,None,wB2,wB2,None,wA2,None,None,wA2,None,wG2,wG2,None,None,None,None,None,None,wA2,wA2,wG1,wS1,None,wG1,wS1,None,wG3,wG3,None,None,None,None,None,None,wA3,wA3,None,None,wG2,None,None,wG2,bQ,bQ,bB1,bA1,bG1,bB1,bA1,bG1,bS1,bS1,bB2,None,bA1,bB2,None,bA1,bB1,bB1,bA1,bA2,wG1,bA1,bA2,wG1,bG1,bG1,None,bQ,bA2,None,bQ,bA2,bA1,bA1,None,None,None,None,None,None,bS2,bS2,None,bS2,None,None,bS2,None,bB2,bB2,None,bS2,None,None,bS2,None,bB2,bB2,bQ,wG2,None,bQ,wG2,None,bA2,bA2,wA1,bB1,bS1,wA1,bB1,bS1,bG3,bG3,None,None,bB2,None,None,bB2,bA3,bA3,White
77,White,Black,2,2,4,5,28,1,3,3,25,3,26,2,0,5,5,0,1,6,4,0,4,26,bG1,wG1,wG3,bG1,wG1,wG3,wQ,wQ,None,wS2,None,None,wS2,None,wS1,wS1,None,None,None,None,None,None,wB1,wB1,bA2,None,wS1,bA2,None,wS1,wG1,wG1,bA3,bB2,bB1,bA3,bB2,bB1,wA1,wA1,None,None,wB1,None,None,wB1,wS2,wS2,wB1,None,None,wB1,None,None,wB2,wB2,None,wA2,None,None,wA2,None,wG2,wG2,None,None,None,None,None,None,wA2,wA2,wG1,wS1,None,wG1,wS1,None,wG3,wG3,bG3,bS1,None,bG3,bS1,None,wA3,wA3,None,None,wG2,None,None,wG2,bQ,bQ,bB1,bA1,bG1,bB1,bA1,bG1,bS1,bS1,bB2,None,bA1,bB2,None,bA1,bB1,bB1,bA1,bA2,wG1,bA1,bA2,wG1,bG1,bG1,None,bQ,bA2,None,bQ,bA2,bA1,bA1,None,None,None,None,None,None,bS2,bS2,None,bS2,None,None,bS2,None,bB2,bB2,None,bS2,None,None,bS2,None,bB2,bB2,bQ,wG2,None,bQ,wG2,None,bA2,bA2,wA1,bB1,bS1,wA1,bB1,bS1,bG3,bG3,None,None,bB2,None,None,bB2,bA3,bA3,White
78,Black,White,2,2,4,5,28,1,3,3,25,3,26,2,0,6,5,0,1,6,4,0,4,26,bG1,wG1,wG3,bG1,wG1,wG3,wQ,wQ,None,wS2,None,None,wS2,None,wS1,wS1,None,None,None,None,None,None,wB1,wB1,bA2,None,wS1,bA2,None,wS1,wG1,wG1,bA3,bG2,bB2,bA3,bG2,bB2,wA1,wA1,None,None,wB1,None,None,wB1,wS2,wS2,wB1,None,None,wB1,None,None,wB2,wB2,None,wA2,None,None,wA2,None,wG2,wG2,None,None,None,None,None,None,wA2,wA2,wG1,wS1,None,wG1,wS1,None,wG3,wG3,bG3,bS1,None,bG3,bS1,None,wA3,wA3,None,None,wG2,None,None,wG2,bQ,bQ,bB2,bA1,bG1,bB2,bA1,bG1,bS1,bS1,bG2,None,bA1,bG2,None,bA1,bB2,bB2,bA1,bA2,wG1,bA1,bA2,wG1,bG1,bG1,None,bQ,bA2,None,bQ,bA2,bA1,bA1,None,None,None,None,None,None,bS2,bS2,bG2,None,bA1,bG2,None,bA1,bB2,bB2,None,bS2,None,None,bS2,None,bG2,bG2,bQ,wG2,None,bQ,wG2,None,bA2,bA2,wA1,bB2,bS1,wA1,bB2,bS1,bG3,bG3,None,None,bG2,None,None,bG2,bA3,bA3,White
79,White,Black,0,2,4,5,26,1,3,2,25,3,26,2,0,6,5,0,1,6,4,0,4,24,bG1,wG1,wG3,bG1,wG1,wG3,wQ,wQ,None,wS2,None,None,wS2,None,wS1,wS1,None,None,None,None,None,None,wB1,wB1,bA2,None,wS1,bA2,None,wS1,wG1,wG1,bA3,bG2,bB2,bA3,bG2,bB2,wA1,wA1,None,None,wB1,None,None,wB1,wS2,wS2,wB1,None,None,wB1,None,None,wB2,wB2,None,None,None,None,None,None,wG2,wG2,None,wQ,None,None,wQ,None,wA2,wA2,wG1,wS1,None,wG1,wS1,None,wG3,wG3,bG3,bS1,None,bG3,bS1,None,wA3,wA3,None,None,wG2,None,None,wG2,bQ,bQ,bB2,bA1,bG1,bB2,bA1,bG1,bS1,bS1,bG2,None,bA1,bG2,None,bA1,bB2,bB2,bA1,bA2,wG1,bA1,bA2,wG1,bG1,bG1,None,bQ,bA2,None,bQ,bA2,bA1,bA1,None,None,None,None,None,None,bS2,bS2,bG2,None,bA1,bG2,None,bA1,bB2,bB2,None,bS2,None,None,bS2,None,bG2,bG2,bQ,wG2,None,bQ,wG2,None,bA2,bA2,wA1,bB2,bS1,wA1,bB2,bS1,bG3,bG3,None,None,bG2,None,None,bG2,bA3,bA3,White
80,Black,White,0,2,4,5,25,1,3,2,25,3,26,2,0,6,5,0,1,6,4,0,4,24,bG1,wG1,wG3,bG1,wG1,wG3,wQ,wQ,None,wS2,None,None,wS2,None,wS1,wS1,None,None,None,None,None,None,wB1,wB1,bA2,None,wS1,bA2,None,wS1,wG1,wG1,None,bG2,bB2,None,bG2,bB2,wA1,wA1,None,None,wB1,None,None,wB1,wS2,wS2,wB1,None,None,wB1,None,None,wB2,wB2,None,None,None,None,None,None,wG2,wG2,None,wQ,None,None,wQ,None,wA2,wA2,wG1,wS1,None,wG1,wS1,None,wG3,wG3,bG3,bS1,None,bG3,bS1,None,wA3,wA3,None,None,wG2,None,None,wG2,bQ,bQ,bB2,bA1,bG1,bB2,bA1,bG1,bS1,bS1,bG2,None,bA1,bG2,None,bA1,bB2,bB2,bA1,bA2,wG1,bA1,bA2,wG1,bG1,bG1,None,bQ,bA2,None,bQ,bA2,bA1,bA1,None,None,None,None,None,None,bS2,bS2,bG2,None,bA1,bG2,None,bA1,bB2,bB2,bA3,bS2,None,bA3,bS2,None,bG2,bG2,bQ,wG2,None,bQ,wG2,None,bA2,bA2,wA1,bB2,bS1,wA1,bB2,bS1,bG3,bG3,None,None,bS2,None,None,bS2,bA3,bA3,White
81,White,Black,0,2,4,5,25,1,3,2,27,3,28,2,0,6,5,0,1,6,3,0,3,28,bG1,wG1,wG3,bG1,wG1,wG3,wQ,wQ,None,wS2,None,None,wS2,None,wS1,wS1,None,None,None,None,None,None,wB1,wB1,bA2,None,wS1,bA2,None,wS1,wG1,wG1,None,None,None,None,None,None,wA1,wA1,None,None,wB1,None,None,wB1,wS2,wS2,wB1,None,None,wB1,None,None,wB2,wB2,None,None,None,None,None,None,wG2,wG2,None,wQ,None,None,wQ,None,wA2,wA2,wG1,wS1,None,wG1,wS1,None,wG3,wG3,bG3,bS1,None,bG3,bS1,None,wA3,wA3,None,None,wG2,None,None,wG2,bQ,bQ,bB2,bA1,bG1,bB2,bA1,bG1,bS1,bS1,bG2,None,bA1,bG2,None,bA1,bB2,bB2,bA1,bA2,wG1,bA1,bA2,wG1,bG1,bG1,None,bQ,bA2,None,bQ,bA2,bA1,bA1,None,None,None,None,None,None,bS2,bS2,bG2,None,bA1,bG2,None,bA1,bB2,bB2,bA3,bS2,None,bA3,bS2,None,bG2,bG2,bQ,wG2,None,bQ,wG2,None,bA2,bA2,None,bB2,bS1,None,bB2,bS1,bG3,bG3,wA1,None,bS2,wA1,None,bS2,bA3,bA3,White
82,Black,White,0,2,4,5,26,1,3,1,28,3,29,2,0,6,5,0,2,6,4,0,3,29,bG1,wG1,wG3,bG1,wG1,wG3,wQ,wQ,None,wS2,None,None,wS2,None,wS1,wS1,None,None,None,None,None,None,wB1,wB1,bA2,None,wS1,bA2,None,wS1,wG1,wG1,None,None,None,None,None,None,wA1,wA1,None,None,wB1,None,None,wB1,wS2,wS2,wB1,None,None,wB1,None,None,wB2,wB2,None,None,None,None,None,None,wG2,wG2,None,wQ,None,None,wQ,None,wA2,wA2,wG1,wS1,None,wG1,wS1,None,wG3,wG3,bG3,bS1,None,bG3,bS1,None,wA3,wA3,bS2,None,None,bS2,None,None,bQ,bQ,bB2,bA1,bG1,bB2,bA1,bG1,bS1,bS1,bG2,bQ,bA1,bG2,bQ,bA1,bB2,bB2,bA1,bA2,wG1,bA1,bA2,wG1,bG1,bG1,bQ,None,bA2,bQ,None,bA2,bA1,bA1,None,None,None,None,None,None,bS2,bS2,bG2,bQ,bA1,bG2,bQ,bA1,bB2,bB2,bA3,bS2,bQ,bA3,bS2,bQ,bG2,bG2,None,wG2,None,None,wG2,None,bA2,bA2,None,bB2,bS1,None,bB2,bS1,bG3,bG3,wA1,None,bS2,wA1,None,bS2,bA3,bA3,White
83,White,Black,0,2,4,5,26,1,3,1,27,4,27,2,0,6,5,0,2,6,4,0,3,25,bG1,wG1,wG3,bG1,wG1,wG3,wQ,wQ,None,wS2,None,None,wS2,None,wS1,wS1,None,None,None,None,None,None,wB1,wB1,bA2,None,wS1,bA2,None,wS1,wG1,wG1,wQ,wG3,None,wQ,wG3,None,wA1,wA1,None,None,wB1,None,None,wB1,wS2,wS2,wB1,None,None,wB1,None,None,wB2,wB2,None,None,None,None,None,None,wG2,wG2,None,wQ,wA1,None,wQ,wA1,wA2,wA2,wG1,wS1,None,wG1,wS1,None,wG3,wG3,bG3,bS1,None,bG3,bS1,None,wA3,wA3,bS2,None,None,bS2,None,None,bQ,bQ,bB2,bA1,bG1,bB2,bA1,bG1,bS1,bS1,bG2,bQ,bA1,bG2,bQ,bA1,bB2,bB2,bA1,bA2,wG1,bA1,bA2,wG1,bG1,bG1,bQ,None,bA2,bQ,None,bA2,bA1,bA1,None,None,None,None,None,None,bS2,bS2,bG2,bQ,bA1,bG2,bQ,bA1,bB2,bB2,bA3,bS2,bQ,bA3,bS2,bQ,bG2,bG2,None,wG2,None,None,wG2,None,bA2,bA2,None,bB2,bS1,None,bB2,bS1,bG3,bG3,None,None,bS2,None,None,bS2,bA3,bA3,White
84,Black,White,0,2,4,5,24,1,3,2,25,4,25,0,0,6,5,0,2,6,3,0,3,25,bG1,wG1,wG3,bG1,wG1,wG3,wQ,wQ,None,wS2,None,None,wS2,None,wS1,wS1,None,None,None,None,None,None,wB1,wB1,bA2,None,wS1,bA2,None,wS1,wG1,wG1,wQ,wG3,None,wQ,wG3,None,wA1,wA1,None,None,wB1,None,None,wB1,wS2,wS2,wB1,None,None,wB1,None,None,wB2,wB2,None,None,None,None,None,None,wG2,wG2,None,wQ,wA1,None,wQ,wA1,wA2,wA2,wG1,wS1,None,wG1,wS1,None,wG3,wG3,bG3,bS1,None,bG3,bS1,None,wA3,wA3,bS2,None,bA3,bS2,None,bA3,bQ,bQ,bB2,bA1,bG1,bB2,bA1,bG1,bS1,bS1,bG2,bQ,bA1,bG2,bQ,bA1,bB2,bB2,bA1,bA2,wG1,bA1,bA2,wG1,bG1,bG1,bQ,bA3,bA2,bQ,bA3,bA2,bA1,bA1,None,None,None,None,None,None,bS2,bS2,bG2,bQ,bA1,bG2,bQ,bA1,bB2,bB2,None,bS2,bQ,None,bS2,bQ,bG2,bG2,bA3,wG2,None,bA3,wG2,None,bA2,bA2,None,bB2,bS1,None,bB2,bS1,bG3,bG3,None,None,wG2,None,None,wG2,bA3,bA3,White
85,White,Black,0,2,4,4,24,1,3,2,26,3,26,0,0,6,5,0,2,6,3,0,3,0,bG1,wG1,None,bG1,wG1,None,wQ,wQ,None,wS2,None,None,wS2,None,wS1,wS1,None,None,None,None,None,None,wB1,wB1,bA2,None,wS1,bA2,None,wS1,wG1,wG1,wQ,None,None,wQ,None,None,wA1,wA1,None,None,wB1,None,None,wB1,wS2,wS2,wB1,None,None,wB1,None,None,wB2,wB2,None,None,None,None,None,None,wG2,wG2,None,wQ,wA1,None,wQ,wA1,wA2,wA2,None,None,None,None,None,None,wG3,wG3,bG3,bS1,None,bG3,bS1,None,wA3,wA3,bS2,wG3,bA3,bS2,wG3,bA3,bQ,bQ,bB2,bA1,bG1,bB2,bA1,bG1,bS1,bS1,bG2,bQ,bA1,bG2,bQ,bA1,bB2,bB2,bA1,bA2,wG1,bA1,bA2,wG1,bG1,bG1,bQ,bA3,bA2,bQ,bA3,bA2,bA1,bA1,None,None,wG3,None,None,wG3,bS2,bS2,bG2,bQ,bA1,bG2,bQ,bA1,bB2,bB2,None,bS2,bQ,None,bS2,bQ,bG2,bG2,bA3,wG2,None,bA3,wG2,None,bA2,bA2,None,bB2,bS1,None,bB2,bS1,bG3,bG3,wG3,None,wG2,wG3,None,wG2,bA3,bA3,White
